unit_id,projectid,type,number,title,chunk_id,chunk_text,embedding_text,chunk_words,similarity,retrieval_query
384,P175295,component,3.0,Off-Grid electricity access and clean cooking solutions (US$50 million: US$45 million,2,"results-based grants and piloting of a risk-sharing facility (RSF). To enhance inclusivity, criteria for selecting firms will include gender- sensitive factors such as women-owned or women-led businesses or businesses with an equal pay for equal job policy. The grant facility, managed by a facility manager under procurement in ProEnergia, will provide a combination of prefinanced milestone-based financing and RBF, complemented with technical assistance and business development services to build sustainable supply chains in rural and deep rural areas. The proposed RSF to be piloted under the project will allow eligible financial institutions to extend loans to creditworthy businesses in the OGS value chain in accordance with the World Bank’s Guidelines for Financial Intermediary Financing and Principles for Public Credit Guarantee Schemes for small and medium enterprises (SMEs) where appropriate.38 This is expected to enhance access to finance for firms— particularly small, early stage firms—that otherwise would not be able to secure credit. The creation of the RSF will depend on the findings of an ongoing assessment which will explore options such as capitalizing a dedicated window for energy-related credit under","Project unit: component 3.0
Title: Off-Grid electricity access and clean cooking solutions (US$50 million: US$45 million
Text: results-based grants and piloting of a risk-sharing facility (RSF). To enhance inclusivity, criteria for selecting firms will include gender- sensitive factors such as women-owned or women-led businesses or businesses with an equal pay for equal job policy. The grant facility, managed by a facility manager under procurement in ProEnergia, will provide a combination of prefinanced milestone-based financing and RBF, complemented with technical assistance and business development services to build sustainable supply chains in rural and deep rural areas. The proposed RSF to be piloted under the project will allow eligible financial institutions to extend loans to creditworthy businesses in the OGS value chain in accordance with the World Bank’s Guidelines for Financial Intermediary Financing and Principles for Public Credit Guarantee Schemes for small and medium enterprises (SMEs) where appropriate.38 This is expected to enhance access to finance for firms— particularly small, early stage firms—that otherwise would not be able to secure credit. The creation of the RSF will depend on the findings of an ongoing assessment which will explore options such as capitalizing a dedicated window for energy-related credit under",180,0.48631948,financing_delivery
24,P143307,subcomponent,2.1,Improving the business environment and access to finance (IDA: US$8,3,"the demand side of credit. Training will focus on preparing sound business plans (including choice of technology) and loan applications, banking literacy, business management, access to national/regional and international markets, financial planning, and creditworthiness (so that participants can more easily obtain loans). The technical assistance will help beneficiaries design solid projects acceptable to private investors and financial institutions and obtain financing through initiatives developed by other IDA projects and donors to improve access to finance. One such initiative is a pilot program by the IDA-funded Financial Infrastructure and Markets Project to set up a US$15 million line of credit to finance medium- to long-term projects of private MSMEs, especially enterprises linked to the targeted value chains, including capital investment and capacity expansion projects. Currently, two or three sound financial institutions that offer services for MSMEs (for instance, ProCredit and FINCA) have been identified to participate in the pilot. Another initiative (developed by USAID's Development Credit Authority) supports private lending to MSMEs in eastern Congo through a loan portfolio guarantee, in partnership with ProCredit and other financial institutions interested in serving","Project unit: subcomponent 2.1
Title: Improving the business environment and access to finance (IDA: US$8
Text: the demand side of credit. Training will focus on preparing sound business plans (including choice of technology) and loan applications, banking literacy, business management, access to national/regional and international markets, financial planning, and creditworthiness (so that participants can more easily obtain loans). The technical assistance will help beneficiaries design solid projects acceptable to private investors and financial institutions and obtain financing through initiatives developed by other IDA projects and donors to improve access to finance. One such initiative is a pilot program by the IDA-funded Financial Infrastructure and Markets Project to set up a US$15 million line of credit to finance medium- to long-term projects of private MSMEs, especially enterprises linked to the targeted value chains, including capital investment and capacity expansion projects. Currently, two or three sound financial institutions that offer services for MSMEs (for instance, ProCredit and FINCA) have been identified to participate in the pilot. Another initiative (developed by USAID's Development Credit Authority) supports private lending to MSMEs in eastern Congo through a loan portfolio guarantee, in partnership with ProCredit and other financial institutions interested in serving",180,0.48551652,financing_delivery
53,P151469,subcomponent,1.1,Improving the enabling environment (US$4.52m),7,"efficiency and reduce firewood consumption; delivery of artificial insemination and natural breed services, introduction of fodder seed and feed concentrate; enhancement of milk collection centers’ technical capacity to enforce industry quality requirements; support the development of contract farming schemes for the animal feed industry. In most cases training will be an integral part of technology development and roll-out. Sub-component 1.3 – Enhancing access to agriculture finance (US$5.30m) 33. The sub-component’s direct results include enhanced availability of value chain financing at the firm level, contributing to improved financial market liquidity among producers, traders, and processors in key value chains and value chain expansion, leading to improved market access. To operationalize this sub-component, the Project will provide grant funding to an existing and proven partial portfolio credit guarantee fund. 34. The Project will enhance access to value chain financing eligible producers, traders, processors, agribusiness small-medium enterprises (SMEs) and larger agribusiness firms to invest in new ventures and expand existing operations through a partial credit guarantee fund (PCGF), channeled through commercial banks and micro- finance institutions (MFIs) and combined with TA. (i) Partial","Project unit: subcomponent 1.1
Title: Improving the enabling environment (US$4.52m)
Text: efficiency and reduce firewood consumption; delivery of artificial insemination and natural breed services, introduction of fodder seed and feed concentrate; enhancement of milk collection centers’ technical capacity to enforce industry quality requirements; support the development of contract farming schemes for the animal feed industry. In most cases training will be an integral part of technology development and roll-out. Sub-component 1.3 – Enhancing access to agriculture finance (US$5.30m) 33. The sub-component’s direct results include enhanced availability of value chain financing at the firm level, contributing to improved financial market liquidity among producers, traders, and processors in key value chains and value chain expansion, leading to improved market access. To operationalize this sub-component, the Project will provide grant funding to an existing and proven partial portfolio credit guarantee fund. 34. The Project will enhance access to value chain financing eligible producers, traders, processors, agribusiness small-medium enterprises (SMEs) and larger agribusiness firms to invest in new ventures and expand existing operations through a partial credit guarantee fund (PCGF), channeled through commercial banks and micro- finance institutions (MFIs) and combined with TA. (i) Partial",180,0.48365343,financing_delivery
277,P167543,subcomponent,3.2,Digitizing payments and development of new fintech products,1,"under them. Priority will be given to agriculture federations in the value chains with a high number of members in communes and regions around smart villages, and to value chains supported by other World Bank projects including the Agriculture and Transformation project Agricultural and Livestock Transformation Program (PIMELAN, (P164509) or other donors to ensure synergies. c. Activity 3.2.3. Promoting new digital finance products for farmers and women - The project will offer sub-grants of up to a maximum amount of US$250,00021, through a business competition plan to Fintech companies, and startups. The sub-grants will cover seed funding, operation costs, costs for piloting new digital financial and non- financial solutions for women and farmers for two years. Priority will be given to Fintech or startups which will develop business models around saving groups. Fintech and start-ups companies (local, regional or international) interested in entering or expanding their activities in Niger will be eligible to receive the sub-grants. Also, to be eligible to receive sub-grants for the piloting of new solutions, the Fintech and startups will have to demonstrate that there is","Project unit: subcomponent 3.2
Title: Digitizing payments and development of new fintech products
Text: under them. Priority will be given to agriculture federations in the value chains with a high number of members in communes and regions around smart villages, and to value chains supported by other World Bank projects including the Agriculture and Transformation project Agricultural and Livestock Transformation Program (PIMELAN, (P164509) or other donors to ensure synergies. c. Activity 3.2.3. Promoting new digital finance products for farmers and women - The project will offer sub-grants of up to a maximum amount of US$250,00021, through a business competition plan to Fintech companies, and startups. The sub-grants will cover seed funding, operation costs, costs for piloting new digital financial and non- financial solutions for women and farmers for two years. Priority will be given to Fintech or startups which will develop business models around saving groups. Fintech and start-ups companies (local, regional or international) interested in entering or expanding their activities in Niger will be eligible to receive the sub-grants. Also, to be eligible to receive sub-grants for the piloting of new solutions, the Fintech and startups will have to demonstrate that there is",180,0.4833611,financing_delivery
352,P173240,subcomponent,1.3,Strengthening the digital sector’s institutional structure and capacity (US$3.0 million),3,"youth, low-income women, and rural populations. (c) Training sessions and capacity-building programs in digital transformation for government officials. (d) TA to support the adoption of digitally-enabled ‘frontier technologies’ related to climate change adaptation and mitigation (for example, connected street lightening, green cloud computing, and smart grids), in areas selected in accordance with criteria set out in the PIM.65","Project unit: subcomponent 1.3
Title: Strengthening the digital sector’s institutional structure and capacity (US$3.0 million)
Text: youth, low-income women, and rural populations. (c) Training sessions and capacity-building programs in digital transformation for government officials. (d) TA to support the adoption of digitally-enabled ‘frontier technologies’ related to climate change adaptation and mitigation (for example, connected street lightening, green cloud computing, and smart grids), in areas selected in accordance with criteria set out in the PIM.65",58,0.4781823,digital_data
353,P173240,subcomponent,2.1,Extending digital networks (US$20.0 million),3,"targeted by the project (Subcomponent 2.1) and the entities and sites to which the project will bring connectivity (Subcomponent 2.2), and it will focus on: (a) Infrastructure and service mapping. The current availability of the digital infrastructure and service availability, to be validated through consultations with the private sector; (b) Demand mapping. The demand topology and quantification of digital services (voice and data) to address the needs of end users (rural farmers, female entrepreneurs, and local public administrations), considering gender gaps in access, affordability, and usage (to be realized in close partnership with local authorities); and (c) Investment mapping. Mapping the existing and planned investments in digital infrastructure by the private and public sectors. This will highlight investments that would be made purely by the private sector under the new policies and regulations and thus make explicit to policymakers the impact of policies and regulations conducive to private investments in the sector. 36. This subcomponent will then assist the authorities in elaborating the detailed strategy to roll out digital connectivity through a competitive bidding process for areas where market failure","Project unit: subcomponent 2.1
Title: Extending digital networks (US$20.0 million)
Text: targeted by the project (Subcomponent 2.1) and the entities and sites to which the project will bring connectivity (Subcomponent 2.2), and it will focus on: (a) Infrastructure and service mapping. The current availability of the digital infrastructure and service availability, to be validated through consultations with the private sector; (b) Demand mapping. The demand topology and quantification of digital services (voice and data) to address the needs of end users (rural farmers, female entrepreneurs, and local public administrations), considering gender gaps in access, affordability, and usage (to be realized in close partnership with local authorities); and (c) Investment mapping. Mapping the existing and planned investments in digital infrastructure by the private and public sectors. This will highlight investments that would be made purely by the private sector under the new policies and regulations and thus make explicit to policymakers the impact of policies and regulations conducive to private investments in the sector. 36. This subcomponent will then assist the authorities in elaborating the detailed strategy to roll out digital connectivity through a competitive bidding process for areas where market failure",180,0.46662182,digital_data
137,P157206,component,1.0,Strengthening rural land                                                                                                                                      (Impact,0,"institutions Evaluation) Outcomes 1.1. Support to institutions in charge of land policy reform A. Improved land sector laws and regulations 1. More transparent and effective -TA and training to DFR to support legal and regulatory reforms governance of land -TA and training to prefects and subprefects to facilitate land admn. -Support pilot establishment of Village Secretariats -Support establishment of Land Observatory -Provide TA to build CSO capacity for monitoring and advocacy 1.2. Support to the Rural Land Tenure Agency -Recruit qualified AFOR staff at national, regional, dept. levels -Renovate and equip existing buildings for AFOR offices -TA to build capacity of AFOR 1.3. Modernization of the land information system (LIS) B. Better planning and monitoring of land policy implementation Increased social cohesion - TA to enable the progressive development of Web-based LIS -Support AFOR to procure high resolution satellite imagery -Build capacity of AFOR staff to manage the LIS 1.4. Support to establish a national geodetic infrastructure -Install Continuously Operating Reference Stations (CORS) -TA to support BNETD-CIGN to manage the CORS network","Project unit: component 1.0
Title: Strengthening rural land                                                                                                                                      (Impact
Text: institutions Evaluation) Outcomes 1.1. Support to institutions in charge of land policy reform A. Improved land sector laws and regulations 1. More transparent and effective -TA and training to DFR to support legal and regulatory reforms governance of land -TA and training to prefects and subprefects to facilitate land admn. -Support pilot establishment of Village Secretariats -Support establishment of Land Observatory -Provide TA to build CSO capacity for monitoring and advocacy 1.2. Support to the Rural Land Tenure Agency -Recruit qualified AFOR staff at national, regional, dept. levels -Renovate and equip existing buildings for AFOR offices -TA to build capacity of AFOR 1.3. Modernization of the land information system (LIS) B. Better planning and monitoring of land policy implementation Increased social cohesion - TA to enable the progressive development of Web-based LIS -Support AFOR to procure high resolution satellite imagery -Build capacity of AFOR staff to manage the LIS 1.4. Support to establish a national geodetic infrastructure -Install Continuously Operating Reference Stations (CORS) -TA to support BNETD-CIGN to manage the CORS network",172,0.46518368,digital_data
182,P161477,component,1.0,"Strengthening Sector Governance and Institutional Capacity (US$20.0 million equivalent,",1,"through a range of activities, spanning from strengthening the legal and regulatory framework to capacity building for all aspects of reform and governance; (ii) promote a sustainable financing mechanism for the sector, including support for carrying out affordability and willingness‐to‐pay studies and creation of databases for SW fees/taxes; (iii) reinforce the PPP framework, with the standardization of key bidding documents and contracts; and (iv) enhance SW service delivery by identifying and operationalizing good practices and tailoring capacity‐building activities to the selected municipalities.","Project unit: component 1.0
Title: Strengthening Sector Governance and Institutional Capacity (US$20.0 million equivalent,
Text: through a range of activities, spanning from strengthening the legal and regulatory framework to capacity building for all aspects of reform and governance; (ii) promote a sustainable financing mechanism for the sector, including support for carrying out affordability and willingness‐to‐pay studies and creation of databases for SW fees/taxes; (iii) reinforce the PPP framework, with the standardization of key bidding documents and contracts; and (iv) enhance SW service delivery by identifying and operationalizing good practices and tailoring capacity‐building activities to the selected municipalities.",82,0.46040636,institutional_process
278,P167543,subcomponent,3.3,Creating a digital data platform to enable access by rural populations to formal accounts and,10,"in a digital form for every client of financial institutions. The bidders will propose the best technological solutions for the defined problems and goals, enabling 1) an easy access to the platform by financial institutions; 2) a high degree of flexibility to changes in functions, structure, integration with other systems; 3) use of standardized protocols and technologies; 4) an extensive capability for scaling; 5) a high level of performance in terms of data processing and analysis; and 6) a high level of data protection. Page 63 of 89 The World Bank Niger: Smart Villages for Rural Growth and Digital Inclusion Project (P167543) Table 1.2: Linkages and synergies between Smart Villages and selected other programs in the WBG portfolio in Niger Portfolio project and Title Potential synergies and links code • Use of schools and universities in campaign to improve digital and financial literacy LIRE Learning Improvement for Results in P168779 Education Project • Use of digital technologies in schools, for instance in access to open educational resources, web browsing etc. • Connectivity in previously unserved rural areas should help promote","Project unit: subcomponent 3.3
Title: Creating a digital data platform to enable access by rural populations to formal accounts and
Text: in a digital form for every client of financial institutions. The bidders will propose the best technological solutions for the defined problems and goals, enabling 1) an easy access to the platform by financial institutions; 2) a high degree of flexibility to changes in functions, structure, integration with other systems; 3) use of standardized protocols and technologies; 4) an extensive capability for scaling; 5) a high level of performance in terms of data processing and analysis; and 6) a high level of data protection. Page 63 of 89 The World Bank Niger: Smart Villages for Rural Growth and Digital Inclusion Project (P167543) Table 1.2: Linkages and synergies between Smart Villages and selected other programs in the WBG portfolio in Niger Portfolio project and Title Potential synergies and links code • Use of schools and universities in campaign to improve digital and financial literacy LIRE Learning Improvement for Results in P168779 Education Project • Use of digital technologies in schools, for instance in access to open educational resources, web browsing etc. • Connectivity in previously unserved rural areas should help promote",180,0.4587862,digital_data
381,P174171,subcomponent,3.2,Digital platforms and solutions. This subcomponent will support the establishment of,0,"foundational organizations, interoperability platforms, and digital tools and will bolster Lesotho’s climate adaptation efforts, by making data more easily available to respond to climatic (and other) shocks and by reducing the risk of catastrophic data losses. Activities will include: (a) upgrading the infrastructure of core end-of-life government data hosting and business continuity solutions including the use of new energy-efficient hardware; (b) TA for the organization design and purchasing core equipment for the National Cybersecurity Council, (c) establishing a National Computer Emergency Response Team, and a Government Security Operations Centre (SOC); (d) establishing the whole-of- government interoperability platform and connecting key public entities and registries to the platform; (e) TA support for the digitalization of selected Department of Home Affairs services (i.e. civil registration, identification, and authentication services); and (f) design and rollout of online citizen feedback for digital services. This subcomponent will bolster Lesotho’s climate adaptation efforts, by making data more easily available to respond to climatic (and other) shocks and by reducing the risk of catastrophic data losses.","Project unit: subcomponent 3.2
Title: Digital platforms and solutions. This subcomponent will support the establishment of
Text: foundational organizations, interoperability platforms, and digital tools and will bolster Lesotho’s climate adaptation efforts, by making data more easily available to respond to climatic (and other) shocks and by reducing the risk of catastrophic data losses. Activities will include: (a) upgrading the infrastructure of core end-of-life government data hosting and business continuity solutions including the use of new energy-efficient hardware; (b) TA for the organization design and purchasing core equipment for the National Cybersecurity Council, (c) establishing a National Computer Emergency Response Team, and a Government Security Operations Centre (SOC); (d) establishing the whole-of- government interoperability platform and connecting key public entities and registries to the platform; (e) TA support for the digitalization of selected Department of Home Affairs services (i.e. civil registration, identification, and authentication services); and (f) design and rollout of online citizen feedback for digital services. This subcomponent will bolster Lesotho’s climate adaptation efforts, by making data more easily available to respond to climatic (and other) shocks and by reducing the risk of catastrophic data losses.",169,0.4584239,digital_data
261,P164509,subcomponent,2.2,Increasing Access to Finance (US$28 million equivalent from IDA). To address the,1,"investments. Investments will be systematically accompanied by technical assistance to improve the beneficiaries' management and technical skills as described under subcomponent 2.1. 49. Two types of grants will be provided under the CSF program under Window #1 and Window #2 (see below) to facilitate access to finance to increase investment in the agri-food sector and catalyze the emergence of strong SMEs. The grants will be managed by Participating Financial Institutions (PFIs) to be selected following the World Bank’s IPF policy. Eligibility criteria specific to grants are defined in Annex 2. Further details will be defined in the Grants Manual (GM) which will be finalized prior to effectiveness. The selected PFIs will enter into a legal “Participation Agreement” with the MAGEL, which is a disbursement condition for this subcomponent. (a) Window #1 (US$6 million): To address the limited access to finance in the agri-food sector in vulnerable regions such as Diffa, Tahoua, and Tillabéri, the project will provide matching grants for working capital and small investments in productive agricultural assets that have a demonstrated potential to improve the incomes of, create","Project unit: subcomponent 2.2
Title: Increasing Access to Finance (US$28 million equivalent from IDA). To address the
Text: investments. Investments will be systematically accompanied by technical assistance to improve the beneficiaries' management and technical skills as described under subcomponent 2.1. 49. Two types of grants will be provided under the CSF program under Window #1 and Window #2 (see below) to facilitate access to finance to increase investment in the agri-food sector and catalyze the emergence of strong SMEs. The grants will be managed by Participating Financial Institutions (PFIs) to be selected following the World Bank’s IPF policy. Eligibility criteria specific to grants are defined in Annex 2. Further details will be defined in the Grants Manual (GM) which will be finalized prior to effectiveness. The selected PFIs will enter into a legal “Participation Agreement” with the MAGEL, which is a disbursement condition for this subcomponent. (a) Window #1 (US$6 million): To address the limited access to finance in the agri-food sector in vulnerable regions such as Diffa, Tahoua, and Tillabéri, the project will provide matching grants for working capital and small investments in productive agricultural assets that have a demonstrated potential to improve the incomes of, create",180,0.45840046,financing_delivery
435,P180059,subcomponent,1.1,Legal and Institutional Foundations for the Digitalization of Public Services (US$5 million),2,"through the development of a national cloud strategy, a data hosting classification framework, a cloud migration road map, and a mechanism for governing cross-border data flows and relevant regulations; and (iii) supporting the establishment of a dedicated public entity for ICT networks and infrastructure, as mandated by the 2024 Electronic Communications Law; all subject to the national Data Protection and Privacy Regime. (d) Data usage framework. Enhancing the open data framework33 and optimizing the use of the existing platform to boost innovation and research. This involves collaborating with government agencies, academic institutions, and private sector companies to increase data availability and promote the development of local data-driven solutions. Additionally, it includes targeted support for the newly established National Agency for Statistics (ANstat) innovation center, for improving the Government’s monitoring/data collection platforms for more regular and real-time monitoring and investments for boosting the quality of infrastructure monitoring and investments and, further on, creating the conditions for the institutionalization of monitoring for rapid response purposes.","Project unit: subcomponent 1.1
Title: Legal and Institutional Foundations for the Digitalization of Public Services (US$5 million)
Text: through the development of a national cloud strategy, a data hosting classification framework, a cloud migration road map, and a mechanism for governing cross-border data flows and relevant regulations; and (iii) supporting the establishment of a dedicated public entity for ICT networks and infrastructure, as mandated by the 2024 Electronic Communications Law; all subject to the national Data Protection and Privacy Regime. (d) Data usage framework. Enhancing the open data framework33 and optimizing the use of the existing platform to boost innovation and research. This involves collaborating with government agencies, academic institutions, and private sector companies to increase data availability and promote the development of local data-driven solutions. Additionally, it includes targeted support for the newly established National Agency for Statistics (ANstat) innovation center, for improving the Government’s monitoring/data collection platforms for more regular and real-time monitoring and investments for boosting the quality of infrastructure monitoring and investments and, further on, creating the conditions for the institutionalization of monitoring for rapid response purposes.",163,0.45771074,digital_data
434,P180059,component,4.0,Project Management,0,"Grievances addressed within the project approved timeframe (Percentage) Jul/2025 Jul/2026 Jul/2027 Jul/2028 Jul/2029 Jul/2030 0 70 80 90 90 90 Page 31 Official Use Only The World Bank Results Acceleration Program For Inclusive Digitalization in Côte d'Ivoire (RAPID-CI) – Phase 1 (P180059) Monitoring and Evaluation Plan: PDO Indicators by PDO Outcomes INCREASE THE INCLUSIVE AND RESILIENT USE OF BROADBAND INTERNET People using broadband internet (new use) (number of people) CSI The number of people who use new internet broadband facilitated through the Program. Use is measured as Description the number of users (with female and youth disaggregation). Frequency Annual Data source Data from ISPs, ARTCI, MTND, and targeted MDAs. A combination of remote monitoring tools, as well as baseline and endline surveys, will be leveraged to track Methodology for Data Collection usage. Data to be consolidated by the PCU/MTND. Responsibility for Data Collection PCU Newly built or upgraded infrastructure that is resilient to climate-related shocks (percentage) Newly built or upgraded infrastructure that is built according to standards to be resilient to shocks, as Description determined by the tender documentations prepared","Project unit: component 4.0
Title: Project Management
Text: Grievances addressed within the project approved timeframe (Percentage) Jul/2025 Jul/2026 Jul/2027 Jul/2028 Jul/2029 Jul/2030 0 70 80 90 90 90 Page 31 Official Use Only The World Bank Results Acceleration Program For Inclusive Digitalization in Côte d'Ivoire (RAPID-CI) – Phase 1 (P180059) Monitoring and Evaluation Plan: PDO Indicators by PDO Outcomes INCREASE THE INCLUSIVE AND RESILIENT USE OF BROADBAND INTERNET People using broadband internet (new use) (number of people) CSI The number of people who use new internet broadband facilitated through the Program. Use is measured as Description the number of users (with female and youth disaggregation). Frequency Annual Data source Data from ISPs, ARTCI, MTND, and targeted MDAs. A combination of remote monitoring tools, as well as baseline and endline surveys, will be leveraged to track Methodology for Data Collection usage. Data to be consolidated by the PCU/MTND. Responsibility for Data Collection PCU Newly built or upgraded infrastructure that is resilient to climate-related shocks (percentage) Newly built or upgraded infrastructure that is built according to standards to be resilient to shocks, as Description determined by the tender documentations prepared",180,0.45025933,digital_data
318,P171933,subcomponent,1.1,"Integrated landscape management planning (US$6.11 million, including US$3.28",1,"include regional and district levels. Page 98 of 143 The World Bank Ghana Landscape Restoration and Small-Scale Mining Project (P171933) 8. It will also support the development of spatial planning tools for mapping analysis and monitoring impacts. These tools could include Forest, Cocoa and ASM Monitoring Systems,63 tree registration/counting/carbon accounting system, relevant databases and maps, participatory mapping tools, and so on. The objective of developing these tools is to help inform decision-makers on what is happening in the landscape so that they can make more effective decisions on planning and monitor the land-use plans to help ensure enforcement and manage the risks of competitive/illegal land uses that threaten food security and habitat fragmentation. An important element of capacity building for the responsible government agencies will be assured under this activity, for sustainability of results and systems. 9. It will also support effective monitoring of sustainable cocoa production through the use of this improved Forest Monitoring System to ensure compliance with the cocoa standards; this will include training of the COCOBOD and FC staff as well as decision-makers. This activity will","Project unit: subcomponent 1.1
Title: Integrated landscape management planning (US$6.11 million, including US$3.28
Text: include regional and district levels. Page 98 of 143 The World Bank Ghana Landscape Restoration and Small-Scale Mining Project (P171933) 8. It will also support the development of spatial planning tools for mapping analysis and monitoring impacts. These tools could include Forest, Cocoa and ASM Monitoring Systems,63 tree registration/counting/carbon accounting system, relevant databases and maps, participatory mapping tools, and so on. The objective of developing these tools is to help inform decision-makers on what is happening in the landscape so that they can make more effective decisions on planning and monitor the land-use plans to help ensure enforcement and manage the risks of competitive/illegal land uses that threaten food security and habitat fragmentation. An important element of capacity building for the responsible government agencies will be assured under this activity, for sustainability of results and systems. 9. It will also support effective monitoring of sustainable cocoa production through the use of this improved Forest Monitoring System to ensure compliance with the cocoa standards; this will include training of the COCOBOD and FC staff as well as decision-makers. This activity will",180,0.44196057,digital_data
246,P163836,subcomponent,1.1,Large and Medium-scale Irrigation (US$122.5 million),25,"any other irrigation development beyond the ceilings. If the farmer doesn’t have the financial availability to do so, s/he can borrow from a partner financing institution (or institutions).47 The farmer will be required to provide at least 10 percent of the irrigation investment cost as cash contribution should they opt to take a loan. Based on a recent assessment of agriculture finance by the World Bank, leading banks in agriculture in Uganda can manage short-term liquidity. Their current product offerings and lending activities suggest that some of them would be willing to work with the pilot which would build a pipeline of creditworthy borrowers with pre-identified markets and viable investment plans. The on-going value chain analysis will further assess the capacity and network of these financial institutions and interest to partner on the farmer- led irrigation. 61.Implementation modality. This model stems from the principle that existing market linkages with off-takers are key in order to ensure that farmers take advantage from the irrigation investment and attract additional private sector players such as banks, equipment suppliers, and installers. To cater for","Project unit: subcomponent 1.1
Title: Large and Medium-scale Irrigation (US$122.5 million)
Text: any other irrigation development beyond the ceilings. If the farmer doesn’t have the financial availability to do so, s/he can borrow from a partner financing institution (or institutions).47 The farmer will be required to provide at least 10 percent of the irrigation investment cost as cash contribution should they opt to take a loan. Based on a recent assessment of agriculture finance by the World Bank, leading banks in agriculture in Uganda can manage short-term liquidity. Their current product offerings and lending activities suggest that some of them would be willing to work with the pilot which would build a pipeline of creditworthy borrowers with pre-identified markets and viable investment plans. The on-going value chain analysis will further assess the capacity and network of these financial institutions and interest to partner on the farmer- led irrigation. 61.Implementation modality. This model stems from the principle that existing market linkages with off-takers are key in order to ensure that farmers take advantage from the irrigation investment and attract additional private sector players such as banks, equipment suppliers, and installers. To cater for",180,0.4389042,financing_delivery
104,P154807,component,5.0,"Institutional Capacity Building, Project Management, Coordination, and",6,"smaller technical bodies in and OIE standards bridging workshop administration level developing own -Broad possible (e.g. min 20 capacity to facilitate identification of persons from each and coordinate these areas for common sector) national workshops action (e.g. WAHO and RAHC, with support from WHO HQ/AFRO and OIE) 2- Development of a -Formal commitment -Mainly heads of -Self common strategy to from line ministries relevant departments -Possible facilitation by address issues -Establishment of an from the line the regional level (pool where joint action intersectoral committee ministries; of trained experts for is required tasked with the -Involvement of regular guidance along development of the relevant stakeholders the process) strategy (N.B.: various governance mechanisms are possible) 73 -Ad Hoc meetings held N.B.: strategy=Living document with attached process for regular revision 3- Prioritization of -Use of disease - Selected staff from - Support from external diseases prioritization tools relevant departments partners (for OH approach) adapted for One Health from the line - Possible facilitation approach (many ministries; by the regional level possibilities: e.g. -Involvement of (pool of trained Animal Health tools relevant stakeholders","Project unit: component 5.0
Title: Institutional Capacity Building, Project Management, Coordination, and
Text: smaller technical bodies in and OIE standards bridging workshop administration level developing own -Broad possible (e.g. min 20 capacity to facilitate identification of persons from each and coordinate these areas for common sector) national workshops action (e.g. WAHO and RAHC, with support from WHO HQ/AFRO and OIE) 2- Development of a -Formal commitment -Mainly heads of -Self common strategy to from line ministries relevant departments -Possible facilitation by address issues -Establishment of an from the line the regional level (pool where joint action intersectoral committee ministries; of trained experts for is required tasked with the -Involvement of regular guidance along development of the relevant stakeholders the process) strategy (N.B.: various governance mechanisms are possible) 73 -Ad Hoc meetings held N.B.: strategy=Living document with attached process for regular revision 3- Prioritization of -Use of disease - Selected staff from - Support from external diseases prioritization tools relevant departments partners (for OH approach) adapted for One Health from the line - Possible facilitation approach (many ministries; by the regional level possibilities: e.g. -Involvement of (pool of trained Animal Health tools relevant stakeholders",180,0.43724316,institutional_process
349,P173240,component,5.0,Contingent Emergency Response Component (US$0.0 million),9,"private telecom operators to extend digital services to areas and populations for which the financial return prospects are limited or negative, public sector co-funding is primordial. Digital services have increasingly become a necessity for households and yet remain out of reach for many segments of the population due to accessibility or affordability. Reducing this digital divide by increasing coverage, lowering prices, improving service quality, and providing mobile devices to the population—especially in underserved regions—can significantly close the opportunities gap between population segments. 61. Public funding of Component 3 is required given the challenges to scale up DATs in terms of capital needs, coordination among stakeholders, and access to data. The development of foundational data infrastructures and acceleration of digital agricultural technologies can enable the delivery of farm- level, geospatial, and real-time analytics to inform policies and targeted investments by governments, agribusinesses, and intermediary service providers. However, scaling up digital agricultural technologies involves generating and accessing large-scale national data sets, a costly challenge for any individual market player. Even when data sets are affordable, they are not accessible or shareable across","Project unit: component 5.0
Title: Contingent Emergency Response Component (US$0.0 million)
Text: private telecom operators to extend digital services to areas and populations for which the financial return prospects are limited or negative, public sector co-funding is primordial. Digital services have increasingly become a necessity for households and yet remain out of reach for many segments of the population due to accessibility or affordability. Reducing this digital divide by increasing coverage, lowering prices, improving service quality, and providing mobile devices to the population—especially in underserved regions—can significantly close the opportunities gap between population segments. 61. Public funding of Component 3 is required given the challenges to scale up DATs in terms of capital needs, coordination among stakeholders, and access to data. The development of foundational data infrastructures and acceleration of digital agricultural technologies can enable the delivery of farm- level, geospatial, and real-time analytics to inform policies and targeted investments by governments, agribusinesses, and intermediary service providers. However, scaling up digital agricultural technologies involves generating and accessing large-scale national data sets, a costly challenge for any individual market player. Even when data sets are affordable, they are not accessible or shareable across",180,0.4319795,digital_data
219,P161781,component,3.0,"Institutional  integration,  knowledge  acquisition,  and  dissemination  of  information  at  the",0,"regional level (US$ 10.37 million IDA regional) 29. Agro‐ecological zones, watersheds, and rice, maize, and dairy production systems span the national boundaries of Great Lakes countries, so it is vital for them to work together and share knowledge on their common agricultural agenda. Component 3 complements activities in Components 1 and 2 by supporting key regional agricultural strategies and Research for Development (R4D) priorities, and ensuring the dissemination of results from Burundi to Great Lakes countries and vice‐versa. Knowledge acquisition and dissemination in areas of common interest requires overall institutional coordination. For that reason, the project will develop regional planning, monitoring, and evaluation capacity in CEPGL’s Agriculture and Food Security Division to establish and monitor complementary investments with neighboring countries, natural resource management in shared watersheds, expected impacts of climate change, and infrastructure investments. Component 3 will also support regional exchanges of information, knowledge, and technologies through (among other channels) the establishment of a web‐ based exchange platform; specialized training and exchanges on priority themes for some 300 scientists, technicians, or extension workers, creating communities of practice; and degree training","Project unit: component 3.0
Title: Institutional  integration,  knowledge  acquisition,  and  dissemination  of  information  at  the
Text: regional level (US$ 10.37 million IDA regional) 29. Agro‐ecological zones, watersheds, and rice, maize, and dairy production systems span the national boundaries of Great Lakes countries, so it is vital for them to work together and share knowledge on their common agricultural agenda. Component 3 complements activities in Components 1 and 2 by supporting key regional agricultural strategies and Research for Development (R4D) priorities, and ensuring the dissemination of results from Burundi to Great Lakes countries and vice‐versa. Knowledge acquisition and dissemination in areas of common interest requires overall institutional coordination. For that reason, the project will develop regional planning, monitoring, and evaluation capacity in CEPGL’s Agriculture and Food Security Division to establish and monitor complementary investments with neighboring countries, natural resource management in shared watersheds, expected impacts of climate change, and infrastructure investments. Component 3 will also support regional exchanges of information, knowledge, and technologies through (among other channels) the establishment of a web‐ based exchange platform; specialized training and exchanges on priority themes for some 300 scientists, technicians, or extension workers, creating communities of practice; and degree training",180,0.42652643,digital_data
337,P172425,subcomponent,1.2,Investment mechanisms to support Competitive Value Chains (US$72 million,10,"and the profits received, the beneficiaries will be ready to save for future reinvestment of the subsidy received as a Matching Grant. To reinforce future reinvestments, the PCU will open a Joint Savings Account for the beneficiaries which would allow the beneficiaries to finance future common services. Eligible common services for investment by the beneficiaries would include any common service that would support production, harvest, or post-harvest activities of the cluster. The modalities and rules relative to the Joint Savings Account will be further defined in the Matching Grants Manual. In total, it is expected that the Matching Grants for Common Services will support an estimated 3,000 farmers and 100 firms and allow for an average value of advances of US$7,000 per beneficiary. 48. Payments under this mechanism will be managed by a third party, likely an accounting firm in partnership with a commercial bank. This third party will manage the escrow accounts through the 29 Commercial service that combines precision farming with plant science to support harvest and post-harvest activities. 30 The escrow account is able to pay taxes","Project unit: subcomponent 1.2
Title: Investment mechanisms to support Competitive Value Chains (US$72 million
Text: and the profits received, the beneficiaries will be ready to save for future reinvestment of the subsidy received as a Matching Grant. To reinforce future reinvestments, the PCU will open a Joint Savings Account for the beneficiaries which would allow the beneficiaries to finance future common services. Eligible common services for investment by the beneficiaries would include any common service that would support production, harvest, or post-harvest activities of the cluster. The modalities and rules relative to the Joint Savings Account will be further defined in the Matching Grants Manual. In total, it is expected that the Matching Grants for Common Services will support an estimated 3,000 farmers and 100 firms and allow for an average value of advances of US$7,000 per beneficiary. 48. Payments under this mechanism will be managed by a third party, likely an accounting firm in partnership with a commercial bank. This third party will manage the escrow accounts through the 29 Commercial service that combines precision farming with plant science to support harvest and post-harvest activities. 30 The escrow account is able to pay taxes",180,0.42452818,financing_delivery
303,P168772,subcomponent,3.1,Institutional Strengthening of Public Institutions (US$8.2 million from IDA; this will,0,"include consultancy services, training and Performance-Based Conditions (PBCs). The strengthening of public institutions will relate mainly to the reform of SEMRY and the strengthening of sectoral administrations, in particular MINADER, Ministère de l’Environnement, de la Protection de la Nature et du Développement Durable (Ministry of Environment, Nature Protection and Sustainable Development, MINEPDED) local authorities, and traditional chiefs. 39. In order to support SEMRY’s evolution into a public establishment (“etablissement public”), based on the elaboration of the Transformational Plan elaborated during preparation, this subcomponent will support: (i) Consulting services for supporting the implementation of the transformational plan of SEMRY, including, among others, support in the procurement process for a PPP contract for the management of the processing and commercialization facilities, support for implementing the social plan and independent verification of the PBCs, transfer of other services (hotel, caretaking, etc.); (ii) Consulting services of an independent verification agency (IVA) to ensure compliance of the PBCs; and (iii) A Public Private Partnership (PPP) procedure; a leasing contract (“affermage”) or similar—will be procured to transfer the processing and commercialization activities of SEMRY to the","Project unit: subcomponent 3.1
Title: Institutional Strengthening of Public Institutions (US$8.2 million from IDA; this will
Text: include consultancy services, training and Performance-Based Conditions (PBCs). The strengthening of public institutions will relate mainly to the reform of SEMRY and the strengthening of sectoral administrations, in particular MINADER, Ministère de l’Environnement, de la Protection de la Nature et du Développement Durable (Ministry of Environment, Nature Protection and Sustainable Development, MINEPDED) local authorities, and traditional chiefs. 39. In order to support SEMRY’s evolution into a public establishment (“etablissement public”), based on the elaboration of the Transformational Plan elaborated during preparation, this subcomponent will support: (i) Consulting services for supporting the implementation of the transformational plan of SEMRY, including, among others, support in the procurement process for a PPP contract for the management of the processing and commercialization facilities, support for implementing the social plan and independent verification of the PBCs, transfer of other services (hotel, caretaking, etc.); (ii) Consulting services of an independent verification agency (IVA) to ensure compliance of the PBCs; and (iii) A Public Private Partnership (PPP) procedure; a leasing contract (“affermage”) or similar—will be procured to transfer the processing and commercialization activities of SEMRY to the",180,0.42293763,institutional_process
301,P168772,subcomponent,2.2,"Matching Grants for Production and Agribusiness in the Valley (US$9.4 million, of",0,"which US$6.8 million from IDA [US$5.2 million for the Matching Grants themselves and US$1.6 million for consulting services, equipment and operations] and US$2.0 million from beneficiaries). This subcomponent will finance: (a) Provision of Matching Grants to Matching Grant Beneficiaries, as further detailed in the Matching Grants Manual, to support activities related to, inter alia, agricultural production, mechanization, agricultural value addition, and commercialization. Matching Grants will be provided to producer organizations, associations, cooperatives, entrepreneurial farmers, and established agribusinesses or startups through three grant windows tailored to achieve specific outcomes in terms of improving production, value addition, commercialization, and service provision (see details in Annex 2 for each grant window). Following a call for proposals to submit business plans grants will be awarded on a competitive basis for up to three years to co-finance eligible sub-projects in each category. Proposals will consist of investments, TA, and working capital and will be prepared, if needed, with assistance from professionals. The Matching Grant facility will be implemented by the Project Implementation Unit (PIU)17 and supported by a consultant hired for the duration of the","Project unit: subcomponent 2.2
Title: Matching Grants for Production and Agribusiness in the Valley (US$9.4 million, of
Text: which US$6.8 million from IDA [US$5.2 million for the Matching Grants themselves and US$1.6 million for consulting services, equipment and operations] and US$2.0 million from beneficiaries). This subcomponent will finance: (a) Provision of Matching Grants to Matching Grant Beneficiaries, as further detailed in the Matching Grants Manual, to support activities related to, inter alia, agricultural production, mechanization, agricultural value addition, and commercialization. Matching Grants will be provided to producer organizations, associations, cooperatives, entrepreneurial farmers, and established agribusinesses or startups through three grant windows tailored to achieve specific outcomes in terms of improving production, value addition, commercialization, and service provision (see details in Annex 2 for each grant window). Following a call for proposals to submit business plans grants will be awarded on a competitive basis for up to three years to co-finance eligible sub-projects in each category. Proposals will consist of investments, TA, and working capital and will be prepared, if needed, with assistance from professionals. The Matching Grant facility will be implemented by the Project Implementation Unit (PIU)17 and supported by a consultant hired for the duration of the",180,0.42264715,financing_delivery
260,P164509,subcomponent,2.1,Developing Productive Partnerships (US$6 million equivalent from IDA). To improve,1,"services to implement the business plans. These activities will be implemented by different firms specialized in the agri-food sector, business development services, and incubators at the national, regional or international level. Those firms will be selected through a competitive bidding process. Beneficiaries’ selection will be done through a call for proposals (see annex 2 for details). The Project Implementation Manual (PIM) will provide the details of the productive partnership program; and (b) finance (i) communication campaigns; (ii) financial literacy programs; and (iii) training of trainers in financial management/literacy in the project regions. This will be done through specialized firms with proven expertise in these different areas.","Project unit: subcomponent 2.1
Title: Developing Productive Partnerships (US$6 million equivalent from IDA). To improve
Text: services to implement the business plans. These activities will be implemented by different firms specialized in the agri-food sector, business development services, and incubators at the national, regional or international level. Those firms will be selected through a competitive bidding process. Beneficiaries’ selection will be done through a call for proposals (see annex 2 for details). The Project Implementation Manual (PIM) will provide the details of the productive partnership program; and (b) finance (i) communication campaigns; (ii) financial literacy programs; and (iii) training of trainers in financial management/literacy in the project regions. This will be done through specialized firms with proven expertise in these different areas.",106,0.42231482,financing_delivery
439,P180059,subcomponent,3.1,Digitalization of Public Services in Key Sectors (US$20 million),0,"36. Key activities to be financed under this subcomponent include the following: (a) Studies, pre-assessments, TA, and capacity-building activities to support a whole-of-government approach (taking a human-centered design approach that assures the application of appropriate data protection, privacy, 39 The CIPP is a national framework established to safeguard the country's essential infrastructure and services against a range of threats, including cyberattacks, natural disasters, and other disruptions. It outlines measures to protect critical sectors such as energy, water, transportation, health care, finance, and digital services. The plan emphasizes both physical and digital security, ensuring the resilience and continuity of services vital to national security, economic stability, and public well-being. 40 The Ivorian Agency for Radio Frequency Management (Agence Ivoirienne de Gestion des Fréquences radioélectriques, AIGF) has conducted compliance checks of 4,840 sites from 2019 to 2023, of which 552 have been identified as ‘significantly dangerous’. Official Use Only Page 14 The World Bank Results Acceleration Program For Inclusive Digitalization in Côte d'Ivoire (RAPID-CI) – Phase 1 (P180059) and user-consent policies) by providing or piloting start-up business models for public service delivery","Project unit: subcomponent 3.1
Title: Digitalization of Public Services in Key Sectors (US$20 million)
Text: 36. Key activities to be financed under this subcomponent include the following: (a) Studies, pre-assessments, TA, and capacity-building activities to support a whole-of-government approach (taking a human-centered design approach that assures the application of appropriate data protection, privacy, 39 The CIPP is a national framework established to safeguard the country's essential infrastructure and services against a range of threats, including cyberattacks, natural disasters, and other disruptions. It outlines measures to protect critical sectors such as energy, water, transportation, health care, finance, and digital services. The plan emphasizes both physical and digital security, ensuring the resilience and continuity of services vital to national security, economic stability, and public well-being. 40 The Ivorian Agency for Radio Frequency Management (Agence Ivoirienne de Gestion des Fréquences radioélectriques, AIGF) has conducted compliance checks of 4,840 sites from 2019 to 2023, of which 552 have been identified as ‘significantly dangerous’. Official Use Only Page 14 The World Bank Results Acceleration Program For Inclusive Digitalization in Côte d'Ivoire (RAPID-CI) – Phase 1 (P180059) and user-consent policies) by providing or piloting start-up business models for public service delivery",180,0.42116314,digital_data
30,P143307,subcomponent,4.3,Contingency Emergency Response (IDA: US$0.0 million),9,"be an interface between beneficiaries and project implementing entities, playing a role in monitoring activities and making sure that complaints are treated in an appropriate manner. Figure 5: Overall implementation arrangements for the proposed RGLIADP CEPGL National Steering Committee Lead Service Providers Project Coordination Project Implementation Unit Units (PIUs) Technical Public Services Figure 6: Implementation arrangements at the provincial level for the proposed RGLIADP PMC (Provincial Monitoring Committee) Technical Public Provincial Implementation Units CARG Services (PIUs) Lead Service Providers (I)NGO-2: CGIAR: (I)NGO-1: IITA: UNOPS: FAO: Regional Rice Cattle/Dairy Cassava Infrastructure TA Research Local NGOs .) BENEFICIARIES (POs, Cooperatives, MSMEs, Retailers, Traders, etc Overall implementation of activities 4. Activities will be implemented under the overall coordination of the PCU and direct supervision of the PIUs, in close collaboration with the provincial Ministries in charge of Agriculture. Experienced (consortia of) service providers, selected based on their comparative advantages and proven experience, will be contracted to implement Clusters of Activities. The performance of each organization was further assessed during appraisal to 60 gauge its experience and knowledge of local realities to reduce project","Project unit: subcomponent 4.3
Title: Contingency Emergency Response (IDA: US$0.0 million)
Text: be an interface between beneficiaries and project implementing entities, playing a role in monitoring activities and making sure that complaints are treated in an appropriate manner. Figure 5: Overall implementation arrangements for the proposed RGLIADP CEPGL National Steering Committee Lead Service Providers Project Coordination Project Implementation Unit Units (PIUs) Technical Public Services Figure 6: Implementation arrangements at the provincial level for the proposed RGLIADP PMC (Provincial Monitoring Committee) Technical Public Provincial Implementation Units CARG Services (PIUs) Lead Service Providers (I)NGO-2: CGIAR: (I)NGO-1: IITA: UNOPS: FAO: Regional Rice Cattle/Dairy Cassava Infrastructure TA Research Local NGOs .) BENEFICIARIES (POs, Cooperatives, MSMEs, Retailers, Traders, etc Overall implementation of activities 4. Activities will be implemented under the overall coordination of the PCU and direct supervision of the PIUs, in close collaboration with the provincial Ministries in charge of Agriculture. Experienced (consortia of) service providers, selected based on their comparative advantages and proven experience, will be contracted to implement Clusters of Activities. The performance of each organization was further assessed during appraisal to 60 gauge its experience and knowledge of local realities to reduce project",180,0.42039794,institutional_process
276,P167543,component,3.0,Digital financial inclusion (US$28 million equivalent),12,"complement the existing mobile money agents in the targeted areas and will help fill the gaps while bringing additionality through more intensive support to customers. A competitive process through a call for proposals to be launched by the PIU will allow to select three companies that will have the responsibility to select and manage the centers, and the sub-grants they would receive. The profile of the companies will have to comply with specific requirements including experience in running a network of points of service, an existing activity in rural areas, a knowledge of money transfer activities. These companies will receive sub-grants under the project (i) to acquire, upgrade, and maintain digital centers in the villages; (ii) cover their operational expenses; and (iii) develop business models that could allow the digital center to be sustainable even after the closing of this project. The companies will be selected through a competitive bidding process. Preference will be given to public or private companies with existing premises in rural areas. Most of the services delivered in the centers will be free of charge for","Project unit: component 3.0
Title: Digital financial inclusion (US$28 million equivalent)
Text: complement the existing mobile money agents in the targeted areas and will help fill the gaps while bringing additionality through more intensive support to customers. A competitive process through a call for proposals to be launched by the PIU will allow to select three companies that will have the responsibility to select and manage the centers, and the sub-grants they would receive. The profile of the companies will have to comply with specific requirements including experience in running a network of points of service, an existing activity in rural areas, a knowledge of money transfer activities. These companies will receive sub-grants under the project (i) to acquire, upgrade, and maintain digital centers in the villages; (ii) cover their operational expenses; and (iii) develop business models that could allow the digital center to be sustainable even after the closing of this project. The companies will be selected through a competitive bidding process. Preference will be given to public or private companies with existing premises in rural areas. Most of the services delivered in the centers will be free of charge for",180,0.41602537,digital_data
437,P180059,subcomponent,2.1,"Extension of Broadband Connectivity to Targeted Public Institutions (total US$40 million, IDA US$30",2,"to be financed under this subcomponent include the following: (a) The TA will prepare the technical grounds through (i) mapping and geospatial analysis of public facilities, including health centers and education institutions, with their electrification status and associated climate risks; (ii) recommendations on open access policies and sharing of passive infrastructure to facilitate last mile network rollout and incentivize private sector operators to invest in last-mile connectivity to households; (iii) identification of the priority public institutions (within the education, health, and civil registry sectors) that will benefit from a new/upgraded digital connectivity, in synergies with other World Bank-financed projects; (iv) a feasibility study to define user requirements for internet bandwidth and indoor connectivity solutions (incorporating specific needs to ensure business continuity for key government functions during crises such as the COVID-19 pandemic or natural/climate disasters) to be provided by the private sector, in consultation with relevant line ministries; and (v) preparation of the bidding documents for digital connectivity to be provided by the private sector (connectivity will be procured as much as possible through the ‘reverse auctions’ mechanisms implemented by","Project unit: subcomponent 2.1
Title: Extension of Broadband Connectivity to Targeted Public Institutions (total US$40 million, IDA US$30
Text: to be financed under this subcomponent include the following: (a) The TA will prepare the technical grounds through (i) mapping and geospatial analysis of public facilities, including health centers and education institutions, with their electrification status and associated climate risks; (ii) recommendations on open access policies and sharing of passive infrastructure to facilitate last mile network rollout and incentivize private sector operators to invest in last-mile connectivity to households; (iii) identification of the priority public institutions (within the education, health, and civil registry sectors) that will benefit from a new/upgraded digital connectivity, in synergies with other World Bank-financed projects; (iv) a feasibility study to define user requirements for internet bandwidth and indoor connectivity solutions (incorporating specific needs to ensure business continuity for key government functions during crises such as the COVID-19 pandemic or natural/climate disasters) to be provided by the private sector, in consultation with relevant line ministries; and (v) preparation of the bidding documents for digital connectivity to be provided by the private sector (connectivity will be procured as much as possible through the ‘reverse auctions’ mechanisms implemented by",180,0.41602182,digital_data
264,P164665,component,2.0,"Improving Efficiency, Accountability and Citizen Engagement in the Delivery of Selected Services",0,"(US$20.19 million equivalent) 29. This component supports to improve efficiency, accountability and citizen engagement in the delivery of selected services by Selected Entities. There are four major sets of constraints to service delivery improvements, namely (a) upstream challenges, including lack of streamlined and standardized systems and processes for service delivery and results tracking, and inadequate and unpredictable budget releases for goods and services; (b) downstream challenges, including limited access points and insufficient MDA institutional capacity to formulate and manage efficient and accountable processes at the point of service to citizens and firms; (c) horizontal challenges including limited coordination between sector MDAs; and (d) delays, corruption, lack of complaints handling and tracking mechanisms and a general lack of public accountability and citizen engagement pertaining to key public services, across MDAs.","Project unit: component 2.0
Title: Improving Efficiency, Accountability and Citizen Engagement in the Delivery of Selected Services
Text: (US$20.19 million equivalent) 29. This component supports to improve efficiency, accountability and citizen engagement in the delivery of selected services by Selected Entities. There are four major sets of constraints to service delivery improvements, namely (a) upstream challenges, including lack of streamlined and standardized systems and processes for service delivery and results tracking, and inadequate and unpredictable budget releases for goods and services; (b) downstream challenges, including limited access points and insufficient MDA institutional capacity to formulate and manage efficient and accountable processes at the point of service to citizens and firms; (c) horizontal challenges including limited coordination between sector MDAs; and (d) delays, corruption, lack of complaints handling and tracking mechanisms and a general lack of public accountability and citizen engagement pertaining to key public services, across MDAs.",129,0.4149062,institutional_process
350,P173240,subcomponent,1.1,Establishing an enabling environment for a vibrant broadband market (US$8.0,3,"national fiber optic connectivity), the definition of an ex ante asymmetric sector regulation approach (to facilitate the entry of new players), the development of an appropriate regulatory framework for over-the-top (OTT) operators, 56 and the operationalization of efficient cross- border interconnections. (c) The strengthening of the regulator’s ability to monitor—and as needed, regulate—the prices and service quality of retail markets, to produce statistical data, and to manage disputes between operators. 55 This activity will rely on the development of geospatial data. The project will cooperate with the World Bank’s Geospatial Operations Support Team to develop detailed technical specifications. 56 Over-the-top (OTT) refers to digital content, typically—but not limited to—video content, provided through a high-speed internet connection. Page 22 of 92 The World Bank Acceleration of the Digital Transformation of Cameroon Project (P173240) 28. This subcomponent will also finance TA activities focused on cross-sectoral strategies and policies to help the GoC with the following: (a) The establishment of a policy framework for public rights-of-way to help ensure fiber-optic deployment under harmonized technical requirements and at reasonable costs, and the review of","Project unit: subcomponent 1.1
Title: Establishing an enabling environment for a vibrant broadband market (US$8.0
Text: national fiber optic connectivity), the definition of an ex ante asymmetric sector regulation approach (to facilitate the entry of new players), the development of an appropriate regulatory framework for over-the-top (OTT) operators, 56 and the operationalization of efficient cross- border interconnections. (c) The strengthening of the regulator’s ability to monitor—and as needed, regulate—the prices and service quality of retail markets, to produce statistical data, and to manage disputes between operators. 55 This activity will rely on the development of geospatial data. The project will cooperate with the World Bank’s Geospatial Operations Support Team to develop detailed technical specifications. 56 Over-the-top (OTT) refers to digital content, typically—but not limited to—video content, provided through a high-speed internet connection. Page 22 of 92 The World Bank Acceleration of the Digital Transformation of Cameroon Project (P173240) 28. This subcomponent will also finance TA activities focused on cross-sectoral strategies and policies to help the GoC with the following: (a) The establishment of a policy framework for public rights-of-way to help ensure fiber-optic deployment under harmonized technical requirements and at reasonable costs, and the review of",180,0.41457242,digital_data
184,P161477,component,3.0,"Project Implementation Support (US$18.6 million equivalent, of which US$18.6 million",19,"mechanism as well as PPP framework, (b) co‐finance infrastructure and social programs that are unlikely to be financed by the private sector (such as closure of dumpsites and implementation of livelihood programs for waste pickers), and (c) consider a financial guarantee to attract reputable firms to the SWM sector in Senegal. III. IMPLEMENTATION ARRANGEMENTS A. Institutional and Implementation Arrangements 42. The project will be guided by a Steering Committee (SC) chaired by the Minister of the MULHP or his/her designated representative. The SC will play a significant role in high‐level decision making, assist interaction among the various ministries, and accelerate implementation of the proposed activities under","Project unit: component 3.0
Title: Project Implementation Support (US$18.6 million equivalent, of which US$18.6 million
Text: mechanism as well as PPP framework, (b) co‐finance infrastructure and social programs that are unlikely to be financed by the private sector (such as closure of dumpsites and implementation of livelihood programs for waste pickers), and (c) consider a financial guarantee to attract reputable firms to the SWM sector in Senegal. III. IMPLEMENTATION ARRANGEMENTS A. Institutional and Implementation Arrangements 42. The project will be guided by a Steering Committee (SC) chaired by the Minister of the MULHP or his/her designated representative. The SC will play a significant role in high‐level decision making, assist interaction among the various ministries, and accelerate implementation of the proposed activities under",106,0.41287115,institutional_process
361,P173813,component,3.0,Project implementation management and monitoring and evaluation                                                                            1.20,0,"Organizations Borrower: Government of Côte d'Ivoire Implementing Agency: Ministere de la Sante et de l'Hygiene Publique (MSHP) MPA FINANCING DETAILS (US$, Millions) M PA FINANCING D ETAILS (US$, M illions) App roved Board Approved MPA Financing Envelope: 4,630.75 MPA Program Financing Envelope: 4,630.75 of which Bank Financing (IBRD): 2,731.10 of which Bank Financing (IDA): 1,899.65 of which other financing sources: 0.00 PROJECT FINANCING DATA (US$, Millions) FIN_SUMM_NEW SUMMARY -NewFin1 Total Project Cost 35.00 Total Financing 35.00 of which IBRD/IDA 35.00 Page 2 of 45 The World Bank Cote d'Ivoire COVID-19 Strategic Preparedness and Response Project (SPRP) (P173813) Financing Gap 0.00 DETAILS -NewFinEnh1 World Bank Group Financing International Development Association (IDA) 35.00 IDA Credit 35.00 IDA Resources (in US$, Millions) Credit Amount Grant Amount Guarantee Amount Total Amount Cote d'Ivoire 35.00 0.00 0.00 35.00 National PBA 35.00 0.00 0.00 35.00 Total 35.00 0.00 0.00 35.00 Expected Disbursements (in US$, Millions) WB Fiscal 2020 2021 Year Annual 12.00 23.00 Cumulative 12.00 35.00 INSTITUTIONAL DATA Practice Area (Lead) Contributing Practice Areas Health, Nutrition & Population Social Protection & Jobs Climate Change and Disaster","Project unit: component 3.0
Title: Project implementation management and monitoring and evaluation                                                                            1.20
Text: Organizations Borrower: Government of Côte d'Ivoire Implementing Agency: Ministere de la Sante et de l'Hygiene Publique (MSHP) MPA FINANCING DETAILS (US$, Millions) M PA FINANCING D ETAILS (US$, M illions) App roved Board Approved MPA Financing Envelope: 4,630.75 MPA Program Financing Envelope: 4,630.75 of which Bank Financing (IBRD): 2,731.10 of which Bank Financing (IDA): 1,899.65 of which other financing sources: 0.00 PROJECT FINANCING DATA (US$, Millions) FIN_SUMM_NEW SUMMARY -NewFin1 Total Project Cost 35.00 Total Financing 35.00 of which IBRD/IDA 35.00 Page 2 of 45 The World Bank Cote d'Ivoire COVID-19 Strategic Preparedness and Response Project (SPRP) (P173813) Financing Gap 0.00 DETAILS -NewFinEnh1 World Bank Group Financing International Development Association (IDA) 35.00 IDA Credit 35.00 IDA Resources (in US$, Millions) Credit Amount Grant Amount Guarantee Amount Total Amount Cote d'Ivoire 35.00 0.00 0.00 35.00 National PBA 35.00 0.00 0.00 35.00 Total 35.00 0.00 0.00 35.00 Expected Disbursements (in US$, Millions) WB Fiscal 2020 2021 Year Annual 12.00 23.00 Cumulative 12.00 35.00 INSTITUTIONAL DATA Practice Area (Lead) Contributing Practice Areas Health, Nutrition & Population Social Protection & Jobs Climate Change and Disaster",180,0.4126172,financing_delivery
248,P163836,subcomponent,2.2,Value Addition and Market Linkages (US$5.7 million),8,"thus limited lifespan of the machinery / processing equipment provided. The presence of any grant element, even if matched, has been found to create adverse effects. JICA no longer provides grants or matching grants to inputs or agro-processing or other inputs.  FIEFOC provides grants to the specific groups which have been trained by the project; no matching contribution from the farmers in envisaged as they are selected based on demonstrated willingness and commitment on ground. Goods are either bulk procured or funds disbursed to FGs on ground and spent on post-harvest handling equipment, small equipment, rice threshers, rippers, hullers etc thought community procurement. A special youth incubator and investment fund is established providing dedicated business plan development, validation, grants for investment and mentoring to ensure usage of the grant finance in accordance with the business plan.  ACDP envisages to provide matching grants to HLFOs, following a graduation of farmers’ groups approaches. The grant may be up to US$7,000, with 67 percent of the investment financed by the project and 33 percent matched by the farmer. Co- financing is","Project unit: subcomponent 2.2
Title: Value Addition and Market Linkages (US$5.7 million)
Text: thus limited lifespan of the machinery / processing equipment provided. The presence of any grant element, even if matched, has been found to create adverse effects. JICA no longer provides grants or matching grants to inputs or agro-processing or other inputs.  FIEFOC provides grants to the specific groups which have been trained by the project; no matching contribution from the farmers in envisaged as they are selected based on demonstrated willingness and commitment on ground. Goods are either bulk procured or funds disbursed to FGs on ground and spent on post-harvest handling equipment, small equipment, rice threshers, rippers, hullers etc thought community procurement. A special youth incubator and investment fund is established providing dedicated business plan development, validation, grants for investment and mentoring to ensure usage of the grant finance in accordance with the business plan.  ACDP envisages to provide matching grants to HLFOs, following a graduation of farmers’ groups approaches. The grant may be up to US$7,000, with 67 percent of the investment financed by the project and 33 percent matched by the farmer. Co- financing is",180,0.41231817,financing_delivery
343,P172425,subcomponent,3.3,Reforms to improve access to industrial land (US$10 million equivalent),0,"84. This subcomponent will support reforms to provide clearer and more flexible access to industrial land as well as technical assistance to the Agency Responsible for the Management and Development of Industrial Infrastructure (Agence de Gestion et de Développement des Infrastructures Industrielles, AGEDI) and the Industrial Infrastructure Development Fund (Fonds de Développement des Infrastructures Industrielles, FODI), the institutions looking after industrial zones. Access to industrial land is an essential part of attracting private investment. New industrial zones are not sufficiently developed, while existing industrial zones suffer from congestion and/or offer limited/inadequate services. The project will finance technical assistance (equipment, training, and communications) to reinforce the capacity of AGEDI and FODI. The project will finance the following: (a) The implementation of an Integrated Industrial Land Management System based on a common and unique database to better manage the industrial parks and areas under their responsibility. This database will include a geographic information system and will be fed with data by AGEDI and FODI as well as the various partners. (b) Support for AGEDI and FODI’s economic and financial models. The project","Project unit: subcomponent 3.3
Title: Reforms to improve access to industrial land (US$10 million equivalent)
Text: 84. This subcomponent will support reforms to provide clearer and more flexible access to industrial land as well as technical assistance to the Agency Responsible for the Management and Development of Industrial Infrastructure (Agence de Gestion et de Développement des Infrastructures Industrielles, AGEDI) and the Industrial Infrastructure Development Fund (Fonds de Développement des Infrastructures Industrielles, FODI), the institutions looking after industrial zones. Access to industrial land is an essential part of attracting private investment. New industrial zones are not sufficiently developed, while existing industrial zones suffer from congestion and/or offer limited/inadequate services. The project will finance technical assistance (equipment, training, and communications) to reinforce the capacity of AGEDI and FODI. The project will finance the following: (a) The implementation of an Integrated Industrial Land Management System based on a common and unique database to better manage the industrial parks and areas under their responsibility. This database will include a geographic information system and will be fed with data by AGEDI and FODI as well as the various partners. (b) Support for AGEDI and FODI’s economic and financial models. The project",180,0.41147727,digital_data
380,P174171,subcomponent,3.1,"Enabling environment. This subcomponent will finance TA for the development of policies,",0,"regulations, standards, and procedures to support the government’s digital transformation. 12 This subcomponent will seek to enable both the digital and green transition by ensuring climate-friendly digital policies are established and leveraged for climate action in a more strategic manner across government and sectors.","Project unit: subcomponent 3.1
Title: Enabling environment. This subcomponent will finance TA for the development of policies,
Text: regulations, standards, and procedures to support the government’s digital transformation. 12 This subcomponent will seek to enable both the digital and green transition by ensuring climate-friendly digital policies are established and leveraged for climate action in a more strategic manner across government and sectors.",44,0.40975282,digital_data
290,P167945,subcomponent,3.2,Private investment financing (US$85.0 million of which US$38.4 million,0,"IDA, US$29.4 million beneficiaries and US$17.2 million PFIs). This sub-component will address the financing constraints of the agribusiness sector by improving access to finance. It will fund a CSF to provide partial support to agriculture and agri-business operators in the form of Matching Grants (MGs) to finance their investment Sub-Projects (SPs). The MG mechanism will target (i) individual smallholder producers, Agriculture Producer Organizations (OPAs), cooperatives, and Small and Medium Enterprises (SMEs) that need financing to create, upgrade and/ or modernize their production, storage and processing facilities, as well as (ii) all other private sector players and entrepreneurs involved in the targeted agriculture value chain (e.g. traders, transporters, equipment manufacturers, service providers, compost providers) with similar needs. MGs will be provided under two windows, for micro and medium/ large sub-projects respectively, under different terms and conditions with the MG representing between 30 to 80 percent of eligible costs. PFIs will provide a minimum of 15 to 35 percent of sub-project funding, except for micro sub-projects which will not require supplementary PFI funding. In partnership with the DGEVCC, all MG proposals will","Project unit: subcomponent 3.2
Title: Private investment financing (US$85.0 million of which US$38.4 million
Text: IDA, US$29.4 million beneficiaries and US$17.2 million PFIs). This sub-component will address the financing constraints of the agribusiness sector by improving access to finance. It will fund a CSF to provide partial support to agriculture and agri-business operators in the form of Matching Grants (MGs) to finance their investment Sub-Projects (SPs). The MG mechanism will target (i) individual smallholder producers, Agriculture Producer Organizations (OPAs), cooperatives, and Small and Medium Enterprises (SMEs) that need financing to create, upgrade and/ or modernize their production, storage and processing facilities, as well as (ii) all other private sector players and entrepreneurs involved in the targeted agriculture value chain (e.g. traders, transporters, equipment manufacturers, service providers, compost providers) with similar needs. MGs will be provided under two windows, for micro and medium/ large sub-projects respectively, under different terms and conditions with the MG representing between 30 to 80 percent of eligible costs. PFIs will provide a minimum of 15 to 35 percent of sub-project funding, except for micro sub-projects which will not require supplementary PFI funding. In partnership with the DGEVCC, all MG proposals will",180,0.40838003,financing_delivery
424,P179414,subcomponent,2.1,Support for entrepreneurship (IDA US$80 million equivalent). The financed activities will target,1,"in seed funding to beneficiaries, at least 50 percent of whom will be women. Beneficiaries will be linked to credit facilities and other financing opportunities, including the Financial Inclusion Fund (FIF) and other catalytic funds. Female beneficiaries will also be linked to women’s cooperatives, gender- linked financing facilities, and women’s finance credit facilities such as the Kenya Commercial Bank (KCB) and the Kenya Women Finance Trust (KWFT). • Socio-emotional and business skills training: This activity will be a prerequisite to accessing the business start-up grants. Curriculum will build on material from KYEOP’s Life Skills Training/Core Business Skills Training/Business Development Services Curriculum, and financial awareness training will be added. The training program will supplement standard business training with gender-specific modules designed to build an entrepreneurial mindset, as well as overcoming gender-specific household-level and cultural constraints. All beneficiaries (male and female) will be trained on gender gaps and solutions in the private sector, such as reducing the unmet need for childcare services and other female-friendly workplace policies, such as provision of maternity leave and benefits. • Business development services. This activity will","Project unit: subcomponent 2.1
Title: Support for entrepreneurship (IDA US$80 million equivalent). The financed activities will target
Text: in seed funding to beneficiaries, at least 50 percent of whom will be women. Beneficiaries will be linked to credit facilities and other financing opportunities, including the Financial Inclusion Fund (FIF) and other catalytic funds. Female beneficiaries will also be linked to women’s cooperatives, gender- linked financing facilities, and women’s finance credit facilities such as the Kenya Commercial Bank (KCB) and the Kenya Women Finance Trust (KWFT). • Socio-emotional and business skills training: This activity will be a prerequisite to accessing the business start-up grants. Curriculum will build on material from KYEOP’s Life Skills Training/Core Business Skills Training/Business Development Services Curriculum, and financial awareness training will be added. The training program will supplement standard business training with gender-specific modules designed to build an entrepreneurial mindset, as well as overcoming gender-specific household-level and cultural constraints. All beneficiaries (male and female) will be trained on gender gaps and solutions in the private sector, such as reducing the unmet need for childcare services and other female-friendly workplace policies, such as provision of maternity leave and benefits. • Business development services. This activity will",180,0.4059542,financing_delivery
115,P154908,component,3.0,Support to livestock value chains development (US$64.67 million:,0,"US$40 million IDA; US$5.91 million Beneficiaries; US$0.5 million Government; US$18.26 million PFIs). This component will support development of pig, poultry, beef, goat, sheep, milk and honey production and value chains in target areas for a broader engagement of local entrepreneurs in the sector. The component will establish “Productive Partnerships” (PPs) between livestock POs and buyers (Agri-Businesses: agro-industries, small and medium enterprises, etc.). These PPs will be supported through the provision of matching grants, contingent upon contractual arrangement between producers and buyers, and will facilitate access to rural financing for investing in various PO Sub-Projects (SPs). The selection criteria and mechanisms for POs, PPs/SPs will be detailed in the implementation manual. The component will include two subcomponents: (i) Establishment of a Productive Partnership Scheme; and (ii) Financing of SPs for POs. This component will build on experiences gained through the implementation of PIDMA (PP and business plan approach), and successful initiatives piloted by other development partners, particularly those related to training and development of advisory services. Direct and specific targets for the support of indigenous communities in the East will be","Project unit: component 3.0
Title: Support to livestock value chains development (US$64.67 million:
Text: US$40 million IDA; US$5.91 million Beneficiaries; US$0.5 million Government; US$18.26 million PFIs). This component will support development of pig, poultry, beef, goat, sheep, milk and honey production and value chains in target areas for a broader engagement of local entrepreneurs in the sector. The component will establish “Productive Partnerships” (PPs) between livestock POs and buyers (Agri-Businesses: agro-industries, small and medium enterprises, etc.). These PPs will be supported through the provision of matching grants, contingent upon contractual arrangement between producers and buyers, and will facilitate access to rural financing for investing in various PO Sub-Projects (SPs). The selection criteria and mechanisms for POs, PPs/SPs will be detailed in the implementation manual. The component will include two subcomponents: (i) Establishment of a Productive Partnership Scheme; and (ii) Financing of SPs for POs. This component will build on experiences gained through the implementation of PIDMA (PP and business plan approach), and successful initiatives piloted by other development partners, particularly those related to training and development of advisory services. Direct and specific targets for the support of indigenous communities in the East will be",180,0.39757362,financing_delivery
304,P168772,subcomponent,3.2,Innovation and Agricultural Training (US$6.4 million from IDA). The project will,1,"in sustainable irrigated agriculture and agricultural machinery in the Yagoua and Maga areas; and • At the local level, subgrants will be focused on the conversion of SEMRY’s experimental farm in “Vounaloum” Yagoua into a Center for Technological Innovations (Centre d’Innovation Technologique, CTI) also with an antenna in Maga that will bring the participation of farmers organization into the operation and governance of the new interprofessional associative structure. Collaborations will be sought with existing institution such as AfricaRice, IRAD, IFDC and others for ensuring technological innovation and basic seed production. The CTI will become a major center for technical training in the region. 43. The absence of a national, inter-professional organization to represent and organize the rice sector is a recognized constraint. As in the other priority agricultural sectors at the national level, MINADER, on behalf of the Government, would like the rice sector to be organized with an inter-professional organization representing the various professions in irrigated and rainfed rice growing, in order to be able to transfer to it a certain number of functions. The project will support MINADER","Project unit: subcomponent 3.2
Title: Innovation and Agricultural Training (US$6.4 million from IDA). The project will
Text: in sustainable irrigated agriculture and agricultural machinery in the Yagoua and Maga areas; and • At the local level, subgrants will be focused on the conversion of SEMRY’s experimental farm in “Vounaloum” Yagoua into a Center for Technological Innovations (Centre d’Innovation Technologique, CTI) also with an antenna in Maga that will bring the participation of farmers organization into the operation and governance of the new interprofessional associative structure. Collaborations will be sought with existing institution such as AfricaRice, IRAD, IFDC and others for ensuring technological innovation and basic seed production. The CTI will become a major center for technical training in the region. 43. The absence of a national, inter-professional organization to represent and organize the rice sector is a recognized constraint. As in the other priority agricultural sectors at the national level, MINADER, on behalf of the Government, would like the rice sector to be organized with an inter-professional organization representing the various professions in irrigated and rainfed rice growing, in order to be able to transfer to it a certain number of functions. The project will support MINADER",180,0.39191613,institutional_process
294,P168772,component,2.0,"Production and Support to Agriculture Services (US$27.1 million equivalent, of which US$16.2",0,"million from IDA and US$10.9 million from beneficiaries) 34. This component will focus on progressively promoting a prominent private sector role to improve production, markets, and support services with an emphasis on improving efficiency along the value chain. It will do so mainly by supporting: (i) the demand side for land preparation, mechanized paddy cultivation practices by creating a private sector land service delivery mechanism for provision of these services and inputs through e- vouchers, training, and awareness campaigns (Subcomponent 2.1); (ii) the supply side of goods and services through Matching Grants for business proposals, training, workshops, and studies (Subcomponent 2.2); (iii) the development of a network of management support centers through the subcomponents described below; and, (iv) technological innovation and vocational training (Component 3).","Project unit: component 2.0
Title: Production and Support to Agriculture Services (US$27.1 million equivalent, of which US$16.2
Text: million from IDA and US$10.9 million from beneficiaries) 34. This component will focus on progressively promoting a prominent private sector role to improve production, markets, and support services with an emphasis on improving efficiency along the value chain. It will do so mainly by supporting: (i) the demand side for land preparation, mechanized paddy cultivation practices by creating a private sector land service delivery mechanism for provision of these services and inputs through e- vouchers, training, and awareness campaigns (Subcomponent 2.1); (ii) the supply side of goods and services through Matching Grants for business proposals, training, workshops, and studies (Subcomponent 2.2); (iii) the development of a network of management support centers through the subcomponents described below; and, (iv) technological innovation and vocational training (Component 3).",125,0.3870691,institutional_process
302,P168772,subcomponent,2.3,Organizational Management Support Centers (Centres de Gestion et d’Économie,1,"Terres du Delta et de la Vallée du fleuve Sénégal (Land Development and Exploitation Company of the Delta and Senegal River Valley, SAED) in Senegal. A cost recovery system will reduce any dependence from the project after Year 4 of implementation. Two CGERs will be established in Yagoua and Maga during the first and second year of implementation, with a decreasing support over the project duration period. The PIU will closely monitor the CGERs on services provided to women farmers, seek feedback on satisfaction of beneficiaries and their suggestions for improvements, should those be necessary.","Project unit: subcomponent 2.3
Title: Organizational Management Support Centers (Centres de Gestion et d’Économie
Text: Terres du Delta et de la Vallée du fleuve Sénégal (Land Development and Exploitation Company of the Delta and Senegal River Valley, SAED) in Senegal. A cost recovery system will reduce any dependence from the project after Year 4 of implementation. Two CGERs will be established in Yagoua and Maga during the first and second year of implementation, with a decreasing support over the project duration period. The PIU will closely monitor the CGERs on services provided to women farmers, seek feedback on satisfaction of beneficiaries and their suggestions for improvements, should those be necessary.",95,0.38473204,institutional_process
249,P164486,component,1.0,Technology Generation and Dissemination (SDR 4.96 million equivalent USD 6.8,4,"110 The World Bank Agricultural Productivity Program for Southern Africa - Angola & Lesotho (P164486) will be incorporated to promote adoption of the technologies, including nutrition-sensitive varieties with the aim of increasing consumption of nutritious foods thereby enhancing dietary consumption effects. 31. APPSA will help to strengthen the links between researchers, extension agents, input distributors, farmers and other end users. For this, APPSA will not only support the national extension systems in the respective countries, but will promote dedicated sub-projects on technology dissemination by extension services and also outsourcing dissemination through civil society networks, private sector collaborators, and other stakeholders. In addition, special focus on reaching women farmers for technology awareness will be included in the dissemination pathways.","Project unit: component 1.0
Title: Technology Generation and Dissemination (SDR 4.96 million equivalent USD 6.8
Text: 110 The World Bank Agricultural Productivity Program for Southern Africa - Angola & Lesotho (P164486) will be incorporated to promote adoption of the technologies, including nutrition-sensitive varieties with the aim of increasing consumption of nutritious foods thereby enhancing dietary consumption effects. 31. APPSA will help to strengthen the links between researchers, extension agents, input distributors, farmers and other end users. For this, APPSA will not only support the national extension systems in the respective countries, but will promote dedicated sub-projects on technology dissemination by extension services and also outsourcing dissemination through civil society networks, private sector collaborators, and other stakeholders. In addition, special focus on reaching women farmers for technology awareness will be included in the dissemination pathways.",118,0.38346732,scaling_replication
344,P172425,subcomponent,3.4,Sector-specific reforms (US$3 million equivalent),0,"85. The project will finance technical assistance to address sector-specific regulatory/policy issues identified by the CRIs as well as related to the financial sector. This could include technical assistance to advise the actors and reform champions to revise product standards and price regulations, reforms of the public sector-led research and development (R&D) and extension services, policies on inputs (for example, import regulations and subsidies), and competition issues around the provision of critical services or permit an unlevel playing field. The project will finance the necessary studies, equipment, training, and communications to support reform champions and stakeholder dialogue.","Project unit: subcomponent 3.4
Title: Sector-specific reforms (US$3 million equivalent)
Text: 85. The project will finance technical assistance to address sector-specific regulatory/policy issues identified by the CRIs as well as related to the financial sector. This could include technical assistance to advise the actors and reform champions to revise product standards and price regulations, reforms of the public sector-led research and development (R&D) and extension services, policies on inputs (for example, import regulations and subsidies), and competition issues around the provision of critical services or permit an unlevel playing field. The project will finance the necessary studies, equipment, training, and communications to support reform champions and stakeholder dialogue.",97,0.38309884,institutional_process
94,P153370,subcomponent,2.3,Strengthening deconcentration (US$4.40 million IDA),0,"14. This subcomponent will provide the MRHP with tools to engage local communities in the management agenda through (a) study for designing and developing the co‐management system and platforms for specific fisheries and value chains, including financing of workshop for concertation and co‐ management units and platforms’ meetings and operational costs of their bureau and (b) strengthening of the deconcentrated administration capacity through the rehabilitation of buildings, acquisition of equipment and provision of related operating costs, training and workshops, and the carrying out of institutional reviews and studies.","Project unit: subcomponent 2.3
Title: Strengthening deconcentration (US$4.40 million IDA)
Text: 14. This subcomponent will provide the MRHP with tools to engage local communities in the management agenda through (a) study for designing and developing the co‐management system and platforms for specific fisheries and value chains, including financing of workshop for concertation and co‐ management units and platforms’ meetings and operational costs of their bureau and (b) strengthening of the deconcentrated administration capacity through the rehabilitation of buildings, acquisition of equipment and provision of related operating costs, training and workshops, and the carrying out of institutional reviews and studies.",88,0.3823111,institutional_process
221,P161781,subcomponent,1.1,Strengthening  of  producer  organizations  (US$1.95  million  IDA).,1,"subcomponent will strengthen the capacity of 250 selected POs (with membership including a minimum of 35 percent women and youth) through training programs covering topics such as group dynamics, leadership and group management, assessing production costs, basic accounting systems and evaluating profitability, developing business plans, negotiating new business models with value chain partners, participatory M&E, and generating long‐term upgrading plans that include processes all along the value chain. A reputable service provider or NGO familiar with Burundi’s context and social structure will be contracted to carry out the mapping exercise and capacity building with POs, including support for POs to obtain legal registration, which will facilitate their access to finance and the establishment of contracts with suppliers, traders, or processors. This activity will be implemented in close collaboration with MINAGRIE (which will provide the template for PO by‐laws and be in charge of their legal registration) and DPAE extension staff (who will inform PO members about the requirements of registration).","Project unit: subcomponent 1.1
Title: Strengthening  of  producer  organizations  (US$1.95  million  IDA).
Text: subcomponent will strengthen the capacity of 250 selected POs (with membership including a minimum of 35 percent women and youth) through training programs covering topics such as group dynamics, leadership and group management, assessing production costs, basic accounting systems and evaluating profitability, developing business plans, negotiating new business models with value chain partners, participatory M&E, and generating long‐term upgrading plans that include processes all along the value chain. A reputable service provider or NGO familiar with Burundi’s context and social structure will be contracted to carry out the mapping exercise and capacity building with POs, including support for POs to obtain legal registration, which will facilitate their access to finance and the establishment of contracts with suppliers, traders, or processors. This activity will be implemented in close collaboration with MINAGRIE (which will provide the template for PO by‐laws and be in charge of their legal registration) and DPAE extension staff (who will inform PO members about the requirements of registration).",160,0.38189337,institutional_process
269,P164665,subcomponent,1.3,CHRAJ - Strengthening the capacity of the CHRAJ’s grievance redress and complaints,1,"Ghana’s designated constitutional entity for ensuring fairness in delivery of administrative services by government entities: this includes providing guidance and oversight to such entities in establishing or strengthening their respective complaints handling and grievance redress mechanisms – a core focus under the project’s accountability objective. Page 19 The World Bank Ghana: Public Sector Reform for Results Project (P164665) institutional capacity to efficiently and transparently handle administrative services-related complaint filing, intake, processing and resolution; (ii) Developing and implementing web- and mobile applications-based complaints handling systems to improve the ability of users to access CHRAJ services pertaining to administrative services; (iii) Strengthening CHRAJ capacity to collect, track and semi-annually publish (including on its website) data on administrative services-related complaints received, processed, resolved and pending; (iv) Strengthening CHRAJ capacity to provide advice and guidance to Selected Entities to improve their grievance redress and complaints handling mechanisms in respect of administrative services delivered by them; and (v) Strengthening CHRAJ’s policies, processes and capacity for public outreach (including through print, broadcast, online and social media) on fairness in the delivery of administrative services.","Project unit: subcomponent 1.3
Title: CHRAJ - Strengthening the capacity of the CHRAJ’s grievance redress and complaints
Text: Ghana’s designated constitutional entity for ensuring fairness in delivery of administrative services by government entities: this includes providing guidance and oversight to such entities in establishing or strengthening their respective complaints handling and grievance redress mechanisms – a core focus under the project’s accountability objective. Page 19 The World Bank Ghana: Public Sector Reform for Results Project (P164665) institutional capacity to efficiently and transparently handle administrative services-related complaint filing, intake, processing and resolution; (ii) Developing and implementing web- and mobile applications-based complaints handling systems to improve the ability of users to access CHRAJ services pertaining to administrative services; (iii) Strengthening CHRAJ capacity to collect, track and semi-annually publish (including on its website) data on administrative services-related complaints received, processed, resolved and pending; (iv) Strengthening CHRAJ capacity to provide advice and guidance to Selected Entities to improve their grievance redress and complaints handling mechanisms in respect of administrative services delivered by them; and (v) Strengthening CHRAJ’s policies, processes and capacity for public outreach (including through print, broadcast, online and social media) on fairness in the delivery of administrative services.",178,0.38122863,institutional_process
125,P154908,subcomponent,4.2,"Monitoring and evaluation, communication and knowledge",6,"Productive Alliances under Component 3, but also for the activities envisaged under the other components to ensure achievement of the outcomes (i.e. improving service delivery, capacity building, development of productive agro-pastoral systems, etc.). 2. The Project implementation mechanism will comprise: (i) a Project Steering Committee (PSC); (ii) an NPCU based in Yaoundé and three RCUs covering the five agro-ecological zones; and (iii) Ten (10) Regional Pre-Selection Committees (RPSCs) responsible for detailed screening of business plans within the project zones covered by RCUs. The three RCUs will respectively covered the regions of: (i) Far North/North/Adamaoua; (ii) Center/South/East and (iii) Littoral/South-West/West/North-West. RCUs will involve Regional Focal Points of the MINEPIA, and the Ministries in charge of Environment (MINEPDED) and Social Affairs (MINAS) in facilitating the implementation of environmental and social activities of the Project. Fifty eight divisional focal points from decentralized MINEPIA services will work alongside technical service providers, to provide outreach organizational development and technical advisory services to beneficiary communes, POs and livestock entrepreneurs. Specific implementation arrangements are developed for the various components/subcomponents under the overall oversight of the NPCU. The","Project unit: subcomponent 4.2
Title: Monitoring and evaluation, communication and knowledge
Text: Productive Alliances under Component 3, but also for the activities envisaged under the other components to ensure achievement of the outcomes (i.e. improving service delivery, capacity building, development of productive agro-pastoral systems, etc.). 2. The Project implementation mechanism will comprise: (i) a Project Steering Committee (PSC); (ii) an NPCU based in Yaoundé and three RCUs covering the five agro-ecological zones; and (iii) Ten (10) Regional Pre-Selection Committees (RPSCs) responsible for detailed screening of business plans within the project zones covered by RCUs. The three RCUs will respectively covered the regions of: (i) Far North/North/Adamaoua; (ii) Center/South/East and (iii) Littoral/South-West/West/North-West. RCUs will involve Regional Focal Points of the MINEPIA, and the Ministries in charge of Environment (MINEPDED) and Social Affairs (MINAS) in facilitating the implementation of environmental and social activities of the Project. Fifty eight divisional focal points from decentralized MINEPIA services will work alongside technical service providers, to provide outreach organizational development and technical advisory services to beneficiary communes, POs and livestock entrepreneurs. Specific implementation arrangements are developed for the various components/subcomponents under the overall oversight of the NPCU. The",180,0.37331003,institutional_process
387,P175295,component,6.0,Contingent Emergency Response Component (US$0 million: capitalized in an emergency),16,"need to be accessible particularly to smaller enterprises to expand the depth and reach of markets. The proposed project therefore combines RBF with grants, targeted technical assistance to small enterprises, and credit enhancement support in a flexible manner. (g) The model used for expanding digital connectivity in rural areas has proven successful in the region, including successful programs in Tanzania, Malawi, and Madagascar. The model relies fully on the private sector for O&M, reducing sustainability concerns or further financial liabilities for the Government. A ‘national roaming’ provision will be included for all new infrastructure to allow subscribers of any mobile provider to connect to the towers at no additional surcharge. This will allow retail level competition, prevent wasteful duplication of infrastructure, and has been shown to stimulate user adoption more quickly, providing greater benefits to the local community while also improving the economics of deployment by stimulating greater revenue generating traffic. (h) IDPs require differentiated solutions and implementation arrangements that adequately reflect the fragility context. Appropriate quality product selection, distribution approaches, training and full engagement of beneficiaries and stakeholders, in","Project unit: component 6.0
Title: Contingent Emergency Response Component (US$0 million: capitalized in an emergency)
Text: need to be accessible particularly to smaller enterprises to expand the depth and reach of markets. The proposed project therefore combines RBF with grants, targeted technical assistance to small enterprises, and credit enhancement support in a flexible manner. (g) The model used for expanding digital connectivity in rural areas has proven successful in the region, including successful programs in Tanzania, Malawi, and Madagascar. The model relies fully on the private sector for O&M, reducing sustainability concerns or further financial liabilities for the Government. A ‘national roaming’ provision will be included for all new infrastructure to allow subscribers of any mobile provider to connect to the towers at no additional surcharge. This will allow retail level competition, prevent wasteful duplication of infrastructure, and has been shown to stimulate user adoption more quickly, providing greater benefits to the local community while also improving the economics of deployment by stimulating greater revenue generating traffic. (h) IDPs require differentiated solutions and implementation arrangements that adequately reflect the fragility context. Appropriate quality product selection, distribution approaches, training and full engagement of beneficiaries and stakeholders, in",180,0.34497964,scaling_replication
339,P172425,subcomponent,2.1,Promoting sustainable microfinance and digital financial infrastructure (US$7,3,"MFIs (including the training of their staff and the cost of data transfer). The preparation of the terms of reference will notably build on recent World Bank initiatives that identify MFIs ‘ideal’ digital core banking, including ability to support customer status (pending, active, and blacklisted), to onboard customers (including through biometric means), to assign customer representatives, to support Know Your Customer, to use different accounts (current, saving, and technical), to use SMS to notify clients, and so on.32 The project will also finance a share of the cost incurred by the implementation of the upgraded DCBS (while the beneficiary MFIs will fully pay for the use of the MIS). Implementation costs will involve license acquisition, hardware, and technical assistance to use the new system. Such an approach has been recently (or is currently being) implemented, among other countries, in Madagascar (P161491), Senegal (P174757), Burkina Faso (P174315), and Mali (P168812).","Project unit: subcomponent 2.1
Title: Promoting sustainable microfinance and digital financial infrastructure (US$7
Text: MFIs (including the training of their staff and the cost of data transfer). The preparation of the terms of reference will notably build on recent World Bank initiatives that identify MFIs ‘ideal’ digital core banking, including ability to support customer status (pending, active, and blacklisted), to onboard customers (including through biometric means), to assign customer representatives, to support Know Your Customer, to use different accounts (current, saving, and technical), to use SMS to notify clients, and so on.32 The project will also finance a share of the cost incurred by the implementation of the upgraded DCBS (while the beneficiary MFIs will fully pay for the use of the MIS). Implementation costs will involve license acquisition, hardware, and technical assistance to use the new system. Such an approach has been recently (or is currently being) implemented, among other countries, in Madagascar (P161491), Senegal (P174757), Burkina Faso (P174315), and Mali (P168812).",149,0.34091693,scaling_replication
440,P180059,subcomponent,3.2,Access to and Inclusion in Digital Public Services (US$25 million),2,"point for birth registration and the issuance of NNIs in close collaboration with the Health MPA (P179550) to identify beneficiaries. (b) Outreach activities: (i) acquisition of IT equipment and delivery of training programs for young people as ‘Digital Ambassadors’ to support communities and lead local campaigns in communication efforts to enhance the use of digital services, primarily in the MSPs and/or through national training center programs and (ii) deployment of mobile caravans in rural areas, in collaboration with the private sector and accredited public institutions,48 to provide targeted basic digital skills education for women and underserved populations, including PwDs. The goal is to reach 300,000 beneficiaries over five years, thereby empowering them to effectively access and utilize public services, while also fostering inclusive digital adoption with the use of AI solutions. (c) Content production to support outreach activities: development of communication content specifically tailored to educate and raise awareness about the use of digital public services. This will include a variety of multimedia supports (images, comics, local radios) and social media channels/networks. Particular attention will be paid to the development","Project unit: subcomponent 3.2
Title: Access to and Inclusion in Digital Public Services (US$25 million)
Text: point for birth registration and the issuance of NNIs in close collaboration with the Health MPA (P179550) to identify beneficiaries. (b) Outreach activities: (i) acquisition of IT equipment and delivery of training programs for young people as ‘Digital Ambassadors’ to support communities and lead local campaigns in communication efforts to enhance the use of digital services, primarily in the MSPs and/or through national training center programs and (ii) deployment of mobile caravans in rural areas, in collaboration with the private sector and accredited public institutions,48 to provide targeted basic digital skills education for women and underserved populations, including PwDs. The goal is to reach 300,000 beneficiaries over five years, thereby empowering them to effectively access and utilize public services, while also fostering inclusive digital adoption with the use of AI solutions. (c) Content production to support outreach activities: development of communication content specifically tailored to educate and raise awareness about the use of digital public services. This will include a variety of multimedia supports (images, comics, local radios) and social media channels/networks. Particular attention will be paid to the development",180,0.33321777,pilot_novelty
176,P161364,component,3.0,"•    Innovators, WAG members, households, artisans, implanting",0,"Innovations partners, and community members involved in specific innovations. and • Other participants include innovation centers, private sector, Partnerships national/regional innovators (accomplished), development partners, universities, technological hubs, banks and so on. 16Adopted States here refer to the states that have not been selected for phase I of this project but wish to learn from project experience and replicate some of these activities in their own areas. Page 20 of 103 The World Bank Nigeria For Women Project (P161364)","Project unit: component 3.0
Title: •    Innovators, WAG members, households, artisans, implanting
Text: Innovations partners, and community members involved in specific innovations. and • Other participants include innovation centers, private sector, Partnerships national/regional innovators (accomplished), development partners, universities, technological hubs, banks and so on. 16Adopted States here refer to the states that have not been selected for phase I of this project but wish to learn from project experience and replicate some of these activities in their own areas. Page 20 of 103 The World Bank Nigeria For Women Project (P161364)",78,0.32901984,pilot_novelty
247,P163836,subcomponent,2.1,On-farm Production and Productivity (US$25.8 million),3,"provide the needed technical backstopping and supervision support to these lead farmer FFS facilitators in successfully facilitating the FFSs and additional participatory extension activities on irrigated farming. 74.Topics. Extension service will provide learning experiences to farmers, among others, on the following topics:  Farmer group formation and capacity development;  Good Agricultural Practices;  Irrigated agriculture, introduction to irrigation, choice of appropriate irrigation technology, irrigation scheduling;  Climate smart technologies;  Enterprise selection;  Soil (fertility) management and sustainable land management practices;  Affective use of agricultural inputs  Integrated Pest Management;  Nutrition-sensitive agriculture; and  On-farm mechanization. Page 69 of 95 The World Bank Uganda Irrigation for Climate Resilience Project (P163836) Box 1.1. FFS approach in irrigated agriculture A FFS on irrigated agriculture offers participating farmers a platform for hands-on group learning, enhancing skills for critical analysis and improved decision making on irrigated cultivation of one or two crops selected by the group. FFS activities are field based, include experimentation to solve problems, reflecting the specific local context. Participants learn how to improve skills through observing, analyzing and","Project unit: subcomponent 2.1
Title: On-farm Production and Productivity (US$25.8 million)
Text: provide the needed technical backstopping and supervision support to these lead farmer FFS facilitators in successfully facilitating the FFSs and additional participatory extension activities on irrigated farming. 74.Topics. Extension service will provide learning experiences to farmers, among others, on the following topics:  Farmer group formation and capacity development;  Good Agricultural Practices;  Irrigated agriculture, introduction to irrigation, choice of appropriate irrigation technology, irrigation scheduling;  Climate smart technologies;  Enterprise selection;  Soil (fertility) management and sustainable land management practices;  Affective use of agricultural inputs  Integrated Pest Management;  Nutrition-sensitive agriculture; and  On-farm mechanization. Page 69 of 95 The World Bank Uganda Irrigation for Climate Resilience Project (P163836) Box 1.1. FFS approach in irrigated agriculture A FFS on irrigated agriculture offers participating farmers a platform for hands-on group learning, enhancing skills for critical analysis and improved decision making on irrigated cultivation of one or two crops selected by the group. FFS activities are field based, include experimentation to solve problems, reflecting the specific local context. Participants learn how to improve skills through observing, analyzing and",180,0.32484967,pilot_novelty
358,P173240,subcomponent,3.3,Strengthening digital innovation and entrepreneurial capacity (US$7.0 million),4,"times are convenient for female trainees. The acceleration program will allow the selected startups to scale up their solutions and adapt them to the needs of the beneficiary farmers. Climate risk screening and climate resilience will be included as evaluation and selection criteria for agritech entrepreneurs. Further, the acceleration programs will support the entrepreneurs to deepen the climate resilience aspects of their agritech solutions. (c) Productive partnerships between agritech entrepreneurs and agricultural producers facilitated through the provision of customized solutions (by agritech entrepreneurs) and matching grants (for farmer groups) (US$4.4 million). This activity has two aspects: (i) support for the provision of customized services to the beneficiaries’ geography by selected agritech startups and entrepreneurs and (ii) matching grants for the farmer groups. The project will first support a series of agritech expos to match agritech startups with farmer groups in target areas. The project will support the cost of technology customization and geographical expansion for agritech entrepreneurs. The matching grants will finance two-thirds of the adoption cost of the agritech services for beneficiary farmers and farmer groups. The project aims","Project unit: subcomponent 3.3
Title: Strengthening digital innovation and entrepreneurial capacity (US$7.0 million)
Text: times are convenient for female trainees. The acceleration program will allow the selected startups to scale up their solutions and adapt them to the needs of the beneficiary farmers. Climate risk screening and climate resilience will be included as evaluation and selection criteria for agritech entrepreneurs. Further, the acceleration programs will support the entrepreneurs to deepen the climate resilience aspects of their agritech solutions. (c) Productive partnerships between agritech entrepreneurs and agricultural producers facilitated through the provision of customized solutions (by agritech entrepreneurs) and matching grants (for farmer groups) (US$4.4 million). This activity has two aspects: (i) support for the provision of customized services to the beneficiaries’ geography by selected agritech startups and entrepreneurs and (ii) matching grants for the farmer groups. The project will first support a series of agritech expos to match agritech startups with farmer groups in target areas. The project will support the cost of technology customization and geographical expansion for agritech entrepreneurs. The matching grants will finance two-thirds of the adoption cost of the agritech services for beneficiary farmers and farmer groups. The project aims",180,0.3227256,scaling_replication
336,P172425,subcomponent,1.1,Competitive Reinforcement Initiatives (US$8 million equivalent),3,"CPSD, the Manufacturing Sector Scan26, and the Government’s Vision 2030 Strategic Plan. The CPSD identified five sectors with high potential for growth—cashew, rubber, cotton, palm oil, and horticulture (mango, pineapple, and banana)—based on five criteria: (a) revealed comparative advantage; (b) evolution of global demand; (c) 23 A ‘cluster’ can be defined as a value chain in one location. A ‘value chain’ is defined as “the full range of activities that firms and workers perform to bring a product from conception to end use and beyond.” A ‘global value chain’ is when the value chain activities are carried out on a global scale and can be undertaken by one or more firms (Gereffi, G. and Fernandez-Stark. “Global Value Chains: A Primer”. Center on Global Governance& Competitiveness, May 31, 2011). 24 WBG. Jobs in Value Chains Survey Toolkit. April 2018. 25 Cashew Value Chain Competitiveness Project (P158810); Cocoa Integrated Value Chain Development Project (P168499). 26 IFC. “Manufacturing Sector Scan” Page 23 of 141 The World Bank Competitive Value Chains for Jobs and Economic Transformation Project (P172425) employment elasticity of the sector; (d)","Project unit: subcomponent 1.1
Title: Competitive Reinforcement Initiatives (US$8 million equivalent)
Text: CPSD, the Manufacturing Sector Scan26, and the Government’s Vision 2030 Strategic Plan. The CPSD identified five sectors with high potential for growth—cashew, rubber, cotton, palm oil, and horticulture (mango, pineapple, and banana)—based on five criteria: (a) revealed comparative advantage; (b) evolution of global demand; (c) 23 A ‘cluster’ can be defined as a value chain in one location. A ‘value chain’ is defined as “the full range of activities that firms and workers perform to bring a product from conception to end use and beyond.” A ‘global value chain’ is when the value chain activities are carried out on a global scale and can be undertaken by one or more firms (Gereffi, G. and Fernandez-Stark. “Global Value Chains: A Primer”. Center on Global Governance& Competitiveness, May 31, 2011). 24 WBG. Jobs in Value Chains Survey Toolkit. April 2018. 25 Cashew Value Chain Competitiveness Project (P158810); Cocoa Integrated Value Chain Development Project (P168499). 26 IFC. “Manufacturing Sector Scan” Page 23 of 141 The World Bank Competitive Value Chains for Jobs and Economic Transformation Project (P172425) employment elasticity of the sector; (d)",180,0.32136977,scaling_replication
363,P173813,subcomponent,1.1,"Case Detection, Confirmation, Contact Tracing, Recording, and Reporting. This sub-",1,"centers at the subnational level; (viii) support for the operation of the testing sites. This sub-component will also cover costs related to the use of digital solutions to facilitate the response. These include: (i) measures to increase bandwidth and manage congestion to prevent disruptions in internet connectivity; (ii) provision of internet connectivity for government workers (for business continuity) making healthcare consultations more accessible to remote communities, using alternative platforms (e.g., short message service, telemedicine), and support for the development and rollout of digitally enabled solutions (e.g., mobile apps for sending out health messages, digital maps to allow visualization of cases in real-time, call centers to provide remote advice specific to COVID-19, etc.).","Project unit: subcomponent 1.1
Title: Case Detection, Confirmation, Contact Tracing, Recording, and Reporting. This sub-
Text: centers at the subnational level; (viii) support for the operation of the testing sites. This sub-component will also cover costs related to the use of digital solutions to facilitate the response. These include: (i) measures to increase bandwidth and manage congestion to prevent disruptions in internet connectivity; (ii) provision of internet connectivity for government workers (for business continuity) making healthcare consultations more accessible to remote communities, using alternative platforms (e.g., short message service, telemedicine), and support for the development and rollout of digitally enabled solutions (e.g., mobile apps for sending out health messages, digital maps to allow visualization of cases in real-time, call centers to provide remote advice specific to COVID-19, etc.).",112,0.31881082,pilot_novelty
96,P153370,subcomponent,3.2,Promoting good practices and alternative activities (US$15.90 million IDA),0,"17. The subcomponent aims at developing good practices in fisheries for reaching sustainability and increasing value added, for safety‐at‐sea for fishers and for promotion of alternative activities, including for women’s groups to develop these business opportunities along the entire value chain. Activities will encompass the provisions of works, goods and equipment, training and workshops, and the financing of operating costs required for (a) the professionalization of fishers and value chains’ operators through design of improved fishing units, conservation system, processing equipment and practices, pilot testing, and dissemination of good practices in value chain activities and knowledge exchange programs, market study, value chain analysis, and commercial fairs for products promotion; (b) the promotion of safety‐at‐ sea through reinforced awareness, tailored training, and design of improved vessels and building practices, small vessels’ upgrade, security equipment, practices testing, dissemination, and use monitoring, the updating of national legislation, and the carrying out of surveys and knowledge exchange programs; (c) elaboration of action plans for measures to assist persons affected by restriction of access to fish resources and revenues, diagnostic for identifying opportunities for economic","Project unit: subcomponent 3.2
Title: Promoting good practices and alternative activities (US$15.90 million IDA)
Text: 17. The subcomponent aims at developing good practices in fisheries for reaching sustainability and increasing value added, for safety‐at‐sea for fishers and for promotion of alternative activities, including for women’s groups to develop these business opportunities along the entire value chain. Activities will encompass the provisions of works, goods and equipment, training and workshops, and the financing of operating costs required for (a) the professionalization of fishers and value chains’ operators through design of improved fishing units, conservation system, processing equipment and practices, pilot testing, and dissemination of good practices in value chain activities and knowledge exchange programs, market study, value chain analysis, and commercial fairs for products promotion; (b) the promotion of safety‐at‐ sea through reinforced awareness, tailored training, and design of improved vessels and building practices, small vessels’ upgrade, security equipment, practices testing, dissemination, and use monitoring, the updating of national legislation, and the carrying out of surveys and knowledge exchange programs; (c) elaboration of action plans for measures to assist persons affected by restriction of access to fish resources and revenues, diagnostic for identifying opportunities for economic",180,0.31876767,pilot_novelty
142,P157206,subcomponent,3.3,Continuing Education for Land Sector Professionals,6,"pilot experience of a non-profit organization, Institut Audace Afrique. These include the use of cost- effective digital technologies for mapping and registering land rights, such as high resolution satellite imagery, mobile phones/tablets; the inclusion of neighboring land holders, customary Page 23 of 120 The World Bank Cote d'Ivoire Land Policy Improvement and Implementation Project (P157206) authorities, and neighboring village representatives in the registration process; and the use of local para-surveyors and para-archivists to support participatory village and parcel mapping. In addition, the project will provide technical assistance to the DFR and the Working Group to make the necessary regulatory revisions to facilitate this new systematic registration process, as well as simplifications to the existing sporadic registration procedures, and to ensure their compatibility. Finally, this first project will pilot test these new procedures in one or two regions initially and eventually in selected areas of a limited number of additional regions and support additional procedural and regulatory revisions as needed through an adaptive process that will ultimately lay the foundation for scaling up systematic land registration in the second project. c)","Project unit: subcomponent 3.3
Title: Continuing Education for Land Sector Professionals
Text: pilot experience of a non-profit organization, Institut Audace Afrique. These include the use of cost- effective digital technologies for mapping and registering land rights, such as high resolution satellite imagery, mobile phones/tablets; the inclusion of neighboring land holders, customary Page 23 of 120 The World Bank Cote d'Ivoire Land Policy Improvement and Implementation Project (P157206) authorities, and neighboring village representatives in the registration process; and the use of local para-surveyors and para-archivists to support participatory village and parcel mapping. In addition, the project will provide technical assistance to the DFR and the Working Group to make the necessary regulatory revisions to facilitate this new systematic registration process, as well as simplifications to the existing sporadic registration procedures, and to ensure their compatibility. Finally, this first project will pilot test these new procedures in one or two regions initially and eventually in selected areas of a limited number of additional regions and support additional procedural and regulatory revisions as needed through an adaptive process that will ultimately lay the foundation for scaling up systematic land registration in the second project. c)",180,0.31786987,pilot_novelty
367,P173813,subcomponent,2.2,Comprehensive Behavioral Change and Risk Communication. This sub-component will,1,"study to understand people’s knowledge, attitudes and practices about the virus and its prevention; (ii) development and testing of a risk communication strategy and training materials; (iii) production and dissemination of messages and materials at the community level based on informed engagement and locally appropriate solutions; (iv) development of guidelines on social distancing measures (e.g., in phases) to operationalize existing or new laws and regulations; (v) technical assistance for communication; (vi) identification, engagement, and advocacy to key influencers (i.e., religious leaders, celebrities, etc.), and (vii) work with grassroots level organizations to engage hardest to reach groups and communities through community-based awareness campaigns.","Project unit: subcomponent 2.2
Title: Comprehensive Behavioral Change and Risk Communication. This sub-component will
Text: study to understand people’s knowledge, attitudes and practices about the virus and its prevention; (ii) development and testing of a risk communication strategy and training materials; (iii) production and dissemination of messages and materials at the community level based on informed engagement and locally appropriate solutions; (iv) development of guidelines on social distancing measures (e.g., in phases) to operationalize existing or new laws and regulations; (v) technical assistance for communication; (vi) identification, engagement, and advocacy to key influencers (i.e., religious leaders, celebrities, etc.), and (vii) work with grassroots level organizations to engage hardest to reach groups and communities through community-based awareness campaigns.",102,0.31373784,pilot_novelty
322,P171933,subcomponent,2.2,"Training and technology transfer (US$5.68 million, all IDA).",1,"the ASM value chain. 20. The subcomponent will aim to promote sustainable and well-managed ASM operations, focusing on improved operational procedures and practical application of global best practices. The subcomponent will support establishing an ASM business support center (Incubation Center) to provide advisory, training, Page 101 of 143 The World Bank Ghana Landscape Restoration and Small-Scale Mining Project (P171933) and technical services for ASM business as well as the establishment of a pilot center of excellence (Mining Demonstration Center) demonstrating best practice ASM processes. The scope of services envisaged under this subcomponent will include (a) mercury-free processing; (b) training on enterprise skills and forming business entities; (c) regulatory compliance; (d) environmental management and mine rehabilitation; (e) technology transfer; (f) health and safety; and (g) social responsibility. The Demonstration Center will facilitate continuous capacity building for ASM operators, mining engineers, and extension service agents, among others. Activities through the Demonstration Center will prioritize the practical demonstration of sustainable and environmentally friendly mining practices (managed in a way that minimizes the environmental and climate footprint) such as mercury-free gold extraction and the","Project unit: subcomponent 2.2
Title: Training and technology transfer (US$5.68 million, all IDA).
Text: the ASM value chain. 20. The subcomponent will aim to promote sustainable and well-managed ASM operations, focusing on improved operational procedures and practical application of global best practices. The subcomponent will support establishing an ASM business support center (Incubation Center) to provide advisory, training, Page 101 of 143 The World Bank Ghana Landscape Restoration and Small-Scale Mining Project (P171933) and technical services for ASM business as well as the establishment of a pilot center of excellence (Mining Demonstration Center) demonstrating best practice ASM processes. The scope of services envisaged under this subcomponent will include (a) mercury-free processing; (b) training on enterprise skills and forming business entities; (c) regulatory compliance; (d) environmental management and mine rehabilitation; (e) technology transfer; (f) health and safety; and (g) social responsibility. The Demonstration Center will facilitate continuous capacity building for ASM operators, mining engineers, and extension service agents, among others. Activities through the Demonstration Center will prioritize the practical demonstration of sustainable and environmentally friendly mining practices (managed in a way that minimizes the environmental and climate footprint) such as mercury-free gold extraction and the",180,0.3133986,pilot_novelty
250,P164486,component,2.0,Strengthening the Institutional and Enabling Environment for Technology,0,"Adoption (SDR 6.35 million equivalent USD8.7 million IDA and SDR 6.6 million equivalent USD9.05 million IBRD). This component will finance: (i) upgrading of research infrastructure including rehabilitation and construction of on-farm infrastructure, the Estação Experimental Agrícola (Agricultural Research Stations) (EEAs) and Campo Experimental Agrícola (Agricultural Research Fields) (CEAs) research laboratory, and research and office equipment; and information technology and knowledge management systems; (ii) upgrading of infrastructure for sanitary and phytosanitary (SPS) management and regulatory systems; (iii) improving institutional administration and performance management systems within RCoLs; (iv) developing human capital, with special focus on promoting women scientists, by providing scientific or technical training at the post graduate level and by upgrading skills through short courses or targeted training, and scientific exchanges; (v) strengthening seed production capacity, seed regulatory functions, and related services, and (vi) improving national research regulatory system to facilitate NARS functionality and implementation of research and dissemination activities. 33. As the need for upgrading infrastructure remains a priority for each country participating in APPSA, the project will prioitize financing policy and regulatory framework in conjuction with infrastrucure. This component","Project unit: component 2.0
Title: Strengthening the Institutional and Enabling Environment for Technology
Text: Adoption (SDR 6.35 million equivalent USD8.7 million IDA and SDR 6.6 million equivalent USD9.05 million IBRD). This component will finance: (i) upgrading of research infrastructure including rehabilitation and construction of on-farm infrastructure, the Estação Experimental Agrícola (Agricultural Research Stations) (EEAs) and Campo Experimental Agrícola (Agricultural Research Fields) (CEAs) research laboratory, and research and office equipment; and information technology and knowledge management systems; (ii) upgrading of infrastructure for sanitary and phytosanitary (SPS) management and regulatory systems; (iii) improving institutional administration and performance management systems within RCoLs; (iv) developing human capital, with special focus on promoting women scientists, by providing scientific or technical training at the post graduate level and by upgrading skills through short courses or targeted training, and scientific exchanges; (v) strengthening seed production capacity, seed regulatory functions, and related services, and (vi) improving national research regulatory system to facilitate NARS functionality and implementation of research and dissemination activities. 33. As the need for upgrading infrastructure remains a priority for each country participating in APPSA, the project will prioitize financing policy and regulatory framework in conjuction with infrastrucure. This component",180,0.3096001,scaling_replication
414,P178043,subcomponent,2.5,Dissemination and communication (US$8.9 million),3,"adopt the Open Data initiative. This assessment includes interviews with key stakeholders and an analysis of regulations on data dissemination. Based on the assessment's results, specific training will be carried out, and a specific Open Data catalog will be designed. At the first stage of implementation, the Open Data catalog will be populated by INE’s data production and the administrative records involved in the pilot of Component 1 and will be published on INE’s website in the data platform financed under","Project unit: subcomponent 2.5
Title: Dissemination and communication (US$8.9 million)
Text: adopt the Open Data initiative. This assessment includes interviews with key stakeholders and an analysis of regulations on data dissemination. Based on the assessment's results, specific training will be carried out, and a specific Open Data catalog will be designed. At the first stage of implementation, the Open Data catalog will be populated by INE’s data production and the administrative records involved in the pilot of Component 1 and will be published on INE’s website in the data platform financed under",81,0.30649042,scaling_replication
355,P173240,subcomponent,2.3,Financing demand-side interventions (US$13.0 million),0,"40. This subcomponent will finance interventions that seek to increase the demand for broadband services in the targeted areas and beyond. Supply-side interventions and network infrastructure alone will not drive broadband adoption to scale. As noted in the Connecting Humanity report,73 “in Sub-Saharan Africa, around 80 percent of those covered by a 4G network are not connected because of the lack of affordable access,74 limited relevant content and the skills to benefit from Internet access. Such realities disclose economic and social disparities that affect the rate of adoption, use, and ultimately the opportunity to benefit from broadband access.” Therefore, it is imperative to focus on and invest in complementary initiatives that stimulate demand for broadband services, with a special focus on closing the digital gender divide. 71 The financing of connectivity for public enterprises will be done in a way that does not squeeze out private-sector providers. Beneficiaries are listed in Section II-C. 72 This subsidy may not be needed if retail prices are regulated. 73 ITU. 2020. Connecting Humanity - Assessing Investment Needs of Connecting Humanity to the Internet","Project unit: subcomponent 2.3
Title: Financing demand-side interventions (US$13.0 million)
Text: 40. This subcomponent will finance interventions that seek to increase the demand for broadband services in the targeted areas and beyond. Supply-side interventions and network infrastructure alone will not drive broadband adoption to scale. As noted in the Connecting Humanity report,73 “in Sub-Saharan Africa, around 80 percent of those covered by a 4G network are not connected because of the lack of affordable access,74 limited relevant content and the skills to benefit from Internet access. Such realities disclose economic and social disparities that affect the rate of adoption, use, and ultimately the opportunity to benefit from broadband access.” Therefore, it is imperative to focus on and invest in complementary initiatives that stimulate demand for broadband services, with a special focus on closing the digital gender divide. 71 The financing of connectivity for public enterprises will be done in a way that does not squeeze out private-sector providers. Beneficiaries are listed in Section II-C. 72 This subsidy may not be needed if retail prices are regulated. 73 ITU. 2020. Connecting Humanity - Assessing Investment Needs of Connecting Humanity to the Internet",180,0.30294162,scaling_replication
16,"P131327,P126773",subcomponent,3.1,Improvement of infrastructure and handling of fish. Infrastructure,1,"improve fish landing and market facilities to serve artisanal fishers supplying the domestic market. Site selection has not been finalized partly because the ongoing Ebola outbreak has prevented further field visits or studies. The proposed menu of investments for the site includes: (a) landing platform with access ramps; (b) basic platform on which private sector may investment in fish processing plant or unit, warehouse to store and repair equipment, and cold room; (c) administrative offices; (d) sanitation works; (e) auction hall; (f) first aid room; and (g) latrines. The project will support studies on potential environmental impacts and resettlement of affected populations due to the investment.","Project unit: subcomponent 3.1
Title: Improvement of infrastructure and handling of fish. Infrastructure
Text: improve fish landing and market facilities to serve artisanal fishers supplying the domestic market. Site selection has not been finalized partly because the ongoing Ebola outbreak has prevented further field visits or studies. The proposed menu of investments for the site includes: (a) landing platform with access ramps; (b) basic platform on which private sector may investment in fish processing plant or unit, warehouse to store and repair equipment, and cold room; (c) administrative offices; (d) sanitation works; (e) auction hall; (f) first aid room; and (g) latrines. The project will support studies on potential environmental impacts and resettlement of affected populations due to the investment.",106,0.30072105,pilot_novelty
271,P164665,subcomponent,2.1,Improving Efficiency in Service Delivery (US$9.09 million equivalent),1,"World Bank Ghana: Public Sector Reform for Results Project (P164665) 2) Carrying out activities to optimize its services including reducing the time required to register vehicles including (i) piloting a technology-based system for administration and management of the TERTDRIVE Program45 in three regions of Ghana with the highest volume of potential clients; (ii) piloting and rolling out a technology-based system for administering and managing the DVLA Mobile Service Project; (ii) equipment modernization for provision of standardized services at highest-volume DVLA stations; and (iii) reducing the time to register vehicles from six hours to two hours by streamlining vehicle inspection and registration processes and systems; 3) Carrying out public outreach initiatives on DVLA services and business processes to enhance its capacity to respond to client enquiries in a timely manner including periodic public sensitization programs and activities on television, radio, print media and social/online media, on DVLA services, processes and associated costs and capacity building for staff to respond to client enquiries timely; and 4) Developing and implementing a strategy and action plan to increase its revenue generated by the DVLA.","Project unit: subcomponent 2.1
Title: Improving Efficiency in Service Delivery (US$9.09 million equivalent)
Text: World Bank Ghana: Public Sector Reform for Results Project (P164665) 2) Carrying out activities to optimize its services including reducing the time required to register vehicles including (i) piloting a technology-based system for administration and management of the TERTDRIVE Program45 in three regions of Ghana with the highest volume of potential clients; (ii) piloting and rolling out a technology-based system for administering and managing the DVLA Mobile Service Project; (ii) equipment modernization for provision of standardized services at highest-volume DVLA stations; and (iii) reducing the time to register vehicles from six hours to two hours by streamlining vehicle inspection and registration processes and systems; 3) Carrying out public outreach initiatives on DVLA services and business processes to enhance its capacity to respond to client enquiries in a timely manner including periodic public sensitization programs and activities on television, radio, print media and social/online media, on DVLA services, processes and associated costs and capacity building for staff to respond to client enquiries timely; and 4) Developing and implementing a strategy and action plan to increase its revenue generated by the DVLA.",180,0.2985162,pilot_novelty
362,P173813,component,4.0,Project management and monitoring and evaluation,22,"1, 2016 (revised in November 2017 and August 2018). The Projects will be subject to the World Bank’s Anticorruption Guidelines, dated October 15, 2006, revised in January 2011, and as of July 1, 2016. Countries will use the STEP to plan, record and track procurement transactions. 18. The major activities will concern i) establish epidemiological information; ii) support for epidemiological surveillance and monitoring entry points; iii) infection prevention and control, biosecurity; iv) support to laboratory networks, procurement and distribution of health products and pharmaceuticals, masks, gloves, medical equipment; other supplies and commodities; diagnostic reagents including kits; development of communication messages and materials to support communication; establishment of a call center for responding to inquiries about coronavirus; procurement of vehicles, including ambulances and technical assistance. 19. Given the emergency nature of the requirements, the Borrower developed a streamlined PPSD during the project preparation phase, which will be finalized during implementation. 20. The proposed procurement approach prioritizes fast track emergency procurement for the required emergency goods, works and services, particularly for the prevention and relief phase. In this regards, key measures to","Project unit: component 4.0
Title: Project management and monitoring and evaluation
Text: 1, 2016 (revised in November 2017 and August 2018). The Projects will be subject to the World Bank’s Anticorruption Guidelines, dated October 15, 2006, revised in January 2011, and as of July 1, 2016. Countries will use the STEP to plan, record and track procurement transactions. 18. The major activities will concern i) establish epidemiological information; ii) support for epidemiological surveillance and monitoring entry points; iii) infection prevention and control, biosecurity; iv) support to laboratory networks, procurement and distribution of health products and pharmaceuticals, masks, gloves, medical equipment; other supplies and commodities; diagnostic reagents including kits; development of communication messages and materials to support communication; establishment of a call center for responding to inquiries about coronavirus; procurement of vehicles, including ambulances and technical assistance. 19. Given the emergency nature of the requirements, the Borrower developed a streamlined PPSD during the project preparation phase, which will be finalized during implementation. 20. The proposed procurement approach prioritizes fast track emergency procurement for the required emergency goods, works and services, particularly for the prevention and relief phase. In this regards, key measures to",180,0.29424196,pilot_novelty
222,P161781,subcomponent,1.2,Support  to  rice  and  maize  production  (US$31.47  million).  The,1,"level. All value chain actors will work together to promote adoption of the improved packages—farmers, NGOs, government research and extension services, research institutions, and private companies. 24. Access to improved technology and dissemination of sustainable agricultural practices for rice and maize production. This activity is expected to improve rice and maize production and productivity by supporting dissemination of sustainable practices and the use of improved technologies and modern production equipment, already tested in the region by the CGIAR and other institutions (IITA, IRRI, and Cornell University). To this end, the project will finance a mix of interrelated interventions, described next. 25. Farmer training through agricultural extension: The project will adopt the FFS approach to extension and follow a Training of Trainers methodology in implementing training activities. The project 39 The World Bank Great Lakes Regional Integrated Agriculture Development Project (P161781) will establish 100 FFSs to promote sustainable agricultural practices for rice and maize cultivation. They will include soil fertility and water management practices; better use of seed, fertilizer, and other inputs; adoption of crop rotations integrating legumes with cereals; sustainable","Project unit: subcomponent 1.2
Title: Support  to  rice  and  maize  production  (US$31.47  million).  The
Text: level. All value chain actors will work together to promote adoption of the improved packages—farmers, NGOs, government research and extension services, research institutions, and private companies. 24. Access to improved technology and dissemination of sustainable agricultural practices for rice and maize production. This activity is expected to improve rice and maize production and productivity by supporting dissemination of sustainable practices and the use of improved technologies and modern production equipment, already tested in the region by the CGIAR and other institutions (IITA, IRRI, and Cornell University). To this end, the project will finance a mix of interrelated interventions, described next. 25. Farmer training through agricultural extension: The project will adopt the FFS approach to extension and follow a Training of Trainers methodology in implementing training activities. The project 39 The World Bank Great Lakes Regional Integrated Agriculture Development Project (P161781) will establish 100 FFSs to promote sustainable agricultural practices for rice and maize cultivation. They will include soil fertility and water management practices; better use of seed, fertilizer, and other inputs; adoption of crop rotations integrating legumes with cereals; sustainable",180,0.28893307,pilot_novelty
436,P180059,subcomponent,1.2,Development of Advanced and Intermediate Digital Skills (US$45 million),3,"Only Page 11 The World Bank Results Acceleration Program For Inclusive Digitalization in Côte d'Ivoire (RAPID-CI) – Phase 1 (P180059) AR/VR equipment; and constructing two new buildings: one for additional classrooms and a library and another as a women-only dormitory to boost female enrollment. A partnership with IFC for a pilot D4TEP, an acceleration program to support digital transformation of organizations, will be explored to support ESATIC. The High Multinational School of Posts (Ecole Multinationale Supérieure des Postes, EMSP) will also benefit from minor rehabilitation of classrooms. Finally, technical studies will examine different options for size, viability, and opportunities to define and implement PPPs to involve the private sector in covering the school's operational costs. Phase 1 will also fund merit scholarships and specialized training for professors, young women, and people with disabilities from rural areas to enroll in intermediate and advanced digital programs. 29. Other key activities to be financed under this subcomponent include TA, non-consulting services, and goods: (a) Enhancing the supply of advanced digital skills training by building partnerships with the private sector. (i) TA for the","Project unit: subcomponent 1.2
Title: Development of Advanced and Intermediate Digital Skills (US$45 million)
Text: Only Page 11 The World Bank Results Acceleration Program For Inclusive Digitalization in Côte d'Ivoire (RAPID-CI) – Phase 1 (P180059) AR/VR equipment; and constructing two new buildings: one for additional classrooms and a library and another as a women-only dormitory to boost female enrollment. A partnership with IFC for a pilot D4TEP, an acceleration program to support digital transformation of organizations, will be explored to support ESATIC. The High Multinational School of Posts (Ecole Multinationale Supérieure des Postes, EMSP) will also benefit from minor rehabilitation of classrooms. Finally, technical studies will examine different options for size, viability, and opportunities to define and implement PPPs to involve the private sector in covering the school's operational costs. Phase 1 will also fund merit scholarships and specialized training for professors, young women, and people with disabilities from rural areas to enroll in intermediate and advanced digital programs. 29. Other key activities to be financed under this subcomponent include TA, non-consulting services, and goods: (a) Enhancing the supply of advanced digital skills training by building partnerships with the private sector. (i) TA for the",180,0.28682148,pilot_novelty
